Term,classical_Name,classical_Term,classical_ES,classical_NES,classical_NOM p-val,classical_FDR q-val,classical_FWER p-val,classical_Tag %,classical_Gene %,classical_Lead_genes,basal_Name,basal_Term,basal_ES,basal_NES,basal_NOM p-val,basal_FDR q-val,basal_FWER p-val,basal_Tag %,basal_Gene %,basal_Lead_genes
EPITHELIAL_MESENCHYMAL_TRANSITION,gsea,EPITHELIAL_MESENCHYMAL_TRANSITION,-0.5825034339496128,-2.5456717317230693,0.0,0.0,0.0,102/189,19.09%,CDH6;FN1;TIMP3;PMEPA1;SERPINH1;DCN;VCAM1;PDLIM4;TGM2;COLGALT1;LAMA3;CALD1;BASP1;FLNA;COL3A1;GLIPR1;GADD45A;DPYSL3;CCN1;ITGAV;JUN;RHOB;GJA1;GADD45B;COL1A2;FBLN2;FERMT2;SLIT3;FSTL3;SPARC;GEM;IL6;TNFAIP3;NOTCH2;COL1A1;THBS1;SLIT2;MMP14;MCM7;NT5E;FSTL1;TPM1;COL12A1;CXCL1;LOXL1;GPC1;BGN;DST;SERPINE2;LAMA2;TGFBR3;BMP1;COL4A1;FAS;DAB2;TNC;FBLN1;MGP;COL6A3;MYLK;PFN2;MEST;FBN1;ABI3BP;LUM;LOX;SFRP1;ACTA2;ITGA5;CADM1;MYL9;FZD8;ITGB5;PTX3;CDH11;LAMC1;POSTN;HTRA1;TPM4;MMP2;COL5A2;ELN;PVR;TNFRSF12A;APLP1;COL5A1;COL16A1;EFEMP2;PRRX1;ANPEP;LRP1;MFAP5;TGFBI;TNFRSF11B;CXCL12;ECM2;COL6A2;EDIL3;ADAM12;SERPINE1;TAGLN;NNMT,gsea,EPITHELIAL_MESENCHYMAL_TRANSITION,-0.6886476144077496,-2.704154975555123,0.0,0.0,0.0,108/189,13.12%,DPYSL3;TIMP3;VCAN;FN1;COL12A1;DST;CALD1;ITGB5;FSTL1;VCAM1;COL3A1;CD44;SPARC;SERPINH1;COL6A2;RHOB;THBS1;PMEPA1;GJA1;COL1A1;JUN;DCN;IGFBP4;TGM2;TNC;COL5A1;COL1A2;NT5E;MMP14;FBN1;LOXL1;COL6A3;IL15;ACTA2;FBLN2;NOTCH2;CTHRC1;LRP1;PDGFRB;HTRA1;SLIT2;PCOLCE;FLNA;PMP22;ITGAV;THBS2;NTM;EDIL3;LOXL2;COL11A1;ADAM12;SERPINE2;TIMP1;COL5A2;PRRX1;PDLIM4;MMP2;BMP1;LGALS1;COL16A1;MYL9;LUM;FERMT2;GPC1;DAB2;CDH6;TGFBI;CDH2;CCN1;MGP;CCN2;TGFBR3;MATN2;FAS;WNT5A;PLOD2;COL4A1;FGF2;FBLN5;IL6;FSTL3;THY1;SFRP4;GREM1;ITGB1;SFRP1;SLIT3;ITGA5;ITGB3;LRRC15;INHBA;SNTB1;SDC1;LAMA2;PLOD3;VIM;PTX3;FBLN1;P3H1;GLIPR1;CDH11;POSTN;TPM4;GAS1;EFEMP2;ABI3BP;COL5A3;FZD8
TNFA_SIGNALING_VIA_NFKB,gsea,TNFA_SIGNALING_VIA_NFKB,-0.5836488165751038,-2.208616436936096,0.0,0.0,0.0,96/193,15.20%,EDN1;ABCA1;PMEPA1;DRAM1;ICAM1;NFKBIA;IRF1;IL18;FJX1;NFKB1;ETS2;GADD45A;CCN1;JUN;RHOB;PPP1R15A;ATF3;RNF19B;IL23A;ZBTB10;LITAF;GADD45B;SIK1;TNFAIP8;KLF6;FOSB;NFIL3;GFPT2;KLF2;TNFAIP6;GEM;SOCS3;NR4A2;LAMB3;PNRC1;MARCKS;IRS2;IL6ST;IL6;NFAT5;RELB;TNFAIP3;DUSP1;SPHK1;CDKN1A;MAFF;REL;PLK2;FOSL2;DENND5A;RCAN1;CLCF1;KLF9;HBEGF;CXCL1;IER5;BCL3;CCL2;TIPARP;FOS;SPSB1;SERPINB2;PANX1;B4GALT1;SQSTM1;F3;BIRC3;RELA;CXCL10;TNC;PLAU;KDM6B;TNIP1;SOD2;SGK1;CXCL2;SNN;PTGS2;PTX3;TRIB1;NR4A1;CSF1;PER1;ZFP36;MAP3K8;NR4A3;MAP2K3;STAT5A;MCL1;KLF10;NFKBIE;PDE4B;DNAJB4;CCND1;EHD1;EIF1,gsea,TNFA_SIGNALING_VIA_NFKB,-0.4413681760854678,-1.8390457837247236,0.006072874493927126,0.0075600085726532365,0.067,85/193,20.98%,KLF4;KLF2;ATF3;TNFAIP6;CD44;ABCA1;KLF9;RHOB;PMEPA1;KLF6;JUN;GFPT2;NR4A2;NFKB1;TNC;SOCS3;FOSB;FOS;DENND5A;IL6ST;SIK1;TUBB2A;RNF19B;NFIL3;TIPARP;OLR1;RCAN1;FOSL2;DRAM1;NR4A3;CCN1;NFAT5;SGK1;PLPP3;ZBTB10;BHLHE40;BMP2;STAT5A;CEBPD;IL6;BIRC3;ICAM1;B4GALT5;INHBA;IL18;SPSB1;SQSTM1;MAP3K8;MARCKS;PTX3;FJX1;REL;PDE4B;CCNL1;CLCF1;KLF10;PTGER4;RELB;B4GALT1;TNIP1;DNAJB4;IRF1;NFKBIA;RELA;TRIB1;EDN1;PANX1;TSC22D1;SPHK1;EGR2;CXCL10;TANK;TLR2;CSF1;RIPK2;NR4A1;DUSP1;ZFP36;NFKBIE;TNIP2;PTGS2;BTG3;SERPINB8;NFKB2;TNFAIP8
APICAL_JUNCTION,gsea,APICAL_JUNCTION,-0.46406240945327276,-2.1529828248797016,0.0,0.0003719702423806095,0.001,80/174,24.95%,CDH6;CLDN4;VCAM1;ICAM1;LAMA3;JUP;MYH10;CDH3;MSN;FSCN1;EVL;LAMB3;MAPK14;VCL;AKT3;MYH9;CTNNA1;SLIT2;FLNC;PARD6G;MYL12B;CD276;SDC3;BAIAP2;EXOC4;ADAMTS5;GNAI1;PPP2R2C;MPZL2;PIK3R3;PFN1;B4GALT1;BMP1;THBS3;ACTG1;FBN1;YWHAH;CLDN6;VAV2;NLGN2;SPEG;COL17A1;MYL9;PECAM1;NECTIN4;CDH11;MMP2;PTK2;PTEN;ITGA9;ZYX;RASA1;COL16A1;TJP1;CLDN11;GTF2F1;DHX16;TGFBI;TNFRSF11B;MDK;CDH1;AMIGO1;AKT2;DLG1;RHOF;PKD1;CX3CL1;TMEM8B;RSU1;SIRPA;JAM3;MAP3K20;NEXN;NECTIN3;KCNH2;THY1;NECTIN1;NRTN;ACTN1;PIK3CB,gsea,APICAL_JUNCTION,-0.45357795212581903,-2.1053009214654046,0.0,0.0008096394723055674,0.004,76/174,27.74%,VCAN;MSN;VCAM1;AKT3;VCL;EPB41L2;MYH10;THBS3;FBN1;EXOC4;VAV2;RSU1;SLIT2;NF1;LIMA1;BAIAP2;MMP2;BMP1;COL16A1;MYL9;EVL;PKD1;NECTIN3;CDH6;TGFBI;MAPK14;FLNC;CD276;DLG1;PTK2;ADAMTS5;MYH9;THY1;CLDN11;SKAP2;ITGB1;ICAM1;CERCAM;SDC3;ITGB4;YWHAH;PIK3R3;JUP;CD34;FSCN1;SIRPA;SPEG;PECAM1;CDH11;SGCE;NF2;ZYX;ACTN1;NECTIN1;PARD6G;B4GALT1;CTNNA1;PTEN;ADAM15;ITGA9;MDK;AKT2;DHX16;ADAM23;CADM3;IRS1;PARVA;NEGR1;ITGA10;TAOK2;COL17A1;TMEM8B;SYK;CDK8;ACTG2;SORBS3
MYOGENESIS,gsea,MYOGENESIS,-0.45726425023891154,-2.1218407791705447,0.0,0.0005579553635709143,0.002,56/160,19.69%,IGFBP7;NCAM1;SCHIP1;WWTR1;AGRN;COL3A1;SVIL;CRYAB;GADD45B;PDLIM7;CNN3;SPARC;SPHK1;EIF4A2;MYH9;CDKN1A;COL1A1;IGF1;KLF5;MEF2A;GSN;PRNP;SPTAN1;HBEGF;TPM3;MRAS;LAMA2;SSPN;MYOM1;COL6A3;MYLK;FABP3;GPX3;KIFC3;HSPB8;SPEG;ITGB5;LARGE1;PTGIS;IFRD1;MEF2C;BAG1;CHRNB1;NOTCH1;FXYD1;SORBS1;AEBP1;CASQ1;SOD3;COL6A2;AKT2;ADAM12;TAGLN;DES;PTP4A3;PYGM,gsea,MYOGENESIS,-0.5436979087773095,-2.5187710521368714,0.0,0.0,0.0,63/159,20.50%,ITGB5;COL3A1;SPARC;IGFBP7;COL6A2;COL1A1;MEF2C;MEF2A;NCAM1;APP;SCHIP1;SSPN;COL6A3;AEBP1;ABLIM1;SPTAN1;IGF1;WWTR1;ADAM12;SVIL;LARGE1;FHL1;AK1;RB1;NAV2;LSP1;CNN3;CDH13;CRYAB;BHLHE40;FGF2;MYH9;PKIA;PRNP;ADCY9;SOD3;ITGB1;ITGA7;ITGB4;LAMA2;MRAS;PDLIM7;SPEG;GPX3;AGRN;IFRD1;DMD;APOD;SORBS1;GNAO1;KCNH1;PSEN2;SPHK1;NOTCH1;PTGIS;TAGLN;AKT2;EFS;FXYD1;MYL4;TNNI1;COL15A1;TSC2
TGF_BETA_SIGNALING,gsea,TGF_BETA_SIGNALING,-0.5718603050436762,-2.1048069908947418,0.0,0.0004463642908567314,0.002,24/53,18.58%,PMEPA1;HIPK2;WWTR1;ACVR1;TGFBR1;NCOR2;PPP1R15A;ARID4B;BMPR2;THBS1;SKIL;SMURF2;SMAD7;CTNNB1;SKI;RHOA;KLF10;TRIM33;TJP1;CDKN1C;SMAD1;MAP3K7;CDH1;SERPINE1,gsea,TGF_BETA_SIGNALING,-0.5586981029517293,-1.9912949725717353,0.0,0.003312161477613685,0.02,28/53,22.79%,BMPR2;THBS1;PMEPA1;ACVR1;SMAD1;NCOR2;ARID4B;LTBP2;SPTBN1;HIPK2;SKIL;TGFBR1;WWTR1;SMURF2;SKI;BMP2;RHOA;ID3;SMURF1;FURIN;FNTA;KLF10;MAP3K7;ENG;APC;BMPR1A;PPP1R15A;NOG
UV_RESPONSE_DN,gsea,UV_RESPONSE_DN,-0.4540148725290695,-2.006522910358465,0.0,0.0020458363330933525,0.011,73/143,24.70%,SCHIP1;NFKB1;COL3A1;KALRN;CCN1;ZMIZ1;GJA1;LTBP1;IGF1R;ATXN1;COL1A2;DDAH1;NFIB;MAPK14;DUSP1;AKT3;NOTCH2;MET;COL1A1;RBPMS;NEK7;FYN;MMP16;FZD2;SMAD7;CACNA1A;ATP2B4;ATRX;PTPN21;PIK3R3;IGFBP5;TGFBR3;CAV1;F3;DAB2;KIT;CDON;AGGF1;BCKDHB;SCAF8;PTPRM;VAV2;LPAR1;NIPBL;LAMC1;CDK13;MAP1B;COL5A2;PTEN;CELF2;SYNE1;YTHDC1;TJP1;RND3;DLC1;TOGARAM1;MTA1;RXRA;MAGI2;PTGFR;PHF3;DLG1;PRKAR2B;SERPINE1;ABCC1;APBB2;CDC42BPA;RASA2;RGS4;NRP1;COL11A1;SFMBT1;PMP22,gsea,UV_RESPONSE_DN,-0.5928963585929954,-2.4823670807966813,0.0,0.0,0.0,74/143,16.01%,PTPRM;LTBP1;COL3A1;GJA1;COL1A1;KALRN;FYN;AKT3;NRP1;MAP1B;NFKB1;IGF1R;SCHIP1;NFIB;ATP2B4;COL1A2;VAV2;ZMIZ1;NOTCH2;SYNE1;DLC1;PDGFRB;SDC2;IGFBP5;PMP22;COL11A1;KIT;COL5A2;NIPBL;ATXN1;NEK7;SPOP;MAGI2;DAB2;PLCB4;CDC42BPA;ADD3;CCN1;MAPK14;FZD2;CDK13;TGFBR3;PLPP3;PRKCE;MMP16;BHLHE40;DLG1;SLC7A1;DYRK1A;FBLN5;LPAR1;CDON;TGFBR2;ITGB3;ATRX;SFMBT1;PIK3R3;ATRN;HAS2;SCAF8;MAP2K5;AGGF1;NR1D2;PTGFR;GRK5;RUNX1;TOGARAM1;BCKDHB;PTEN;YTHDC1;RND3;LAMC1;RGS4;PHF3
IL6_JAK_STAT3_SIGNALING,gsea,IL6_JAK_STAT3_SIGNALING,-0.4810692787888216,-1.9389378232403014,0.0,0.002550653090609894,0.013,22/79,13.89%,PIM1;IRF1;JUN;IL13RA1;OSMR;SOCS3;IL6ST;IL6;STAT3;CCL7;CXCL1;PDGFC;CD14;PTPN2;FAS;CXCL10;PTPN11;IFNGR1;GRB2;CSF1;MAP3K8;TNFRSF12A,gsea,IL6_JAK_STAT3_SIGNALING,-0.5098639512701189,-2.136290986246823,0.0,0.00036433776253750537,0.002,23/78,17.39%,PDGFC;CD44;STAT3;JUN;OSMR;SOCS3;IL6ST;FAS;IL6;ITGB3;IL1R1;MAP3K8;PTPN11;IL13RA1;CCL7;IL2RG;PTPN2;IL17RA;IRF1;CXCL10;TLR2;CSF1;IL3RA
COAGULATION,gsea,COAGULATION,-0.4441615826087134,-1.9087080684588613,0.0,0.0027897768178545717,0.017,40/107,21.65%,FN1;KLF7;TIMP3;CRIP2;PDGFB;PLAT;CAPN2;HMGCS2;SERPING1;SPARC;C3;MAFF;THBS1;MMP14;FYN;DUSP14;GSN;MMP11;CTSE;SERPINC1;THBD;SERPINB2;BMP1;F3;PLAU;FBN1;PECAM1;CFI;HTRA1;MMP2;RGN;LRP1;PRSS23;USP11;CTSK;SERPINE1;CPQ;A2M;F10;OLR1,gsea,COAGULATION,-0.5276234133258295,-2.3107859060565388,0.0,0.0,0.0,35/107,15.94%,TIMP3;FN1;KLF7;SPARC;THBS1;FYN;CRIP2;MMP14;FBN1;CPQ;C3;LRP1;HTRA1;ANXA1;CFH;SERPING1;SERPINC1;TIMP1;MMP2;BMP1;OLR1;GNG12;PDGFB;GDA;PROS1;ITGB3;LAMP2;FURIN;PECAM1;MMP11;DUSP14;S100A1;CAPN2;CSRP1;CTSO
KRAS_SIGNALING_DN,gsea,KRAS_SIGNALING_DN,-0.4315243129848859,-1.8331651205415327,0.0,0.006819454443644508,0.044,53/119,33.74%,EDN1;HSD11B2;PTPRJ;TGFB2;NR4A2;CDKAL1;TCF7L1;GPRC5C;SPTBN2;SKIL;EDN2;FGFR3;TFCP2L1;SERPINB2;ARHGDIG;CELSR2;KRT15;UPK3B;SYNPO;SGK1;SNN;PKP1;SLC29A3;TENT5C;HTR1D;YPEL1;LFNG;BMPR1B;NR6A1;SLC25A23;KLHDC8A;PTGFR;PRODH;KRT4;DTNB;LGALS7;CLPS;TGM1;KMT2D;GPR3;MFSD6;TEX15;SHOX2;BRDT;P2RX6;CALCB;FGGY;NUDT11;CYP39A1;ATP4A;WNT16;LYPD3;ZC2HC1C,gsea,KRAS_SIGNALING_DN,-0.47181677522390486,-2.2612754226964973,0.0,0.0,0.0,49/118,29.20%,PTPRJ;NR4A2;TGFB2;TCF7L1;SYNPO;SKIL;CAMK1D;COPZ2;SPTBN2;CDKAL1;KLHDC8A;SGK1;BMPR1B;NR6A1;TENT5C;WNT16;CELSR2;SLC25A23;HSD11B2;MFSD6;TFCP2L1;THRB;CPEB3;GRID2;GTF3C5;NUDT11;PTGFR;FGFR3;EDN1;ZBTB16;EGF;CPB1;IDUA;BRDT;CHST2;GDNF;YPEL1;SLC16A7;IGFBP2;SERPINB2;LFNG;UPK3B;KMT2D;KLK8;THNSL2;CLPS;KCND1;GPR3;COQ8A
UV_RESPONSE_UP,gsea,UV_RESPONSE_UP,-0.4100600005399233,-1.8163214902393887,0.0,0.007253419726421887,0.051,59/138,29.13%,PTPRD;ICAM1;NFKBIA;IRF1;RHOB;ATF3;EPHX1;BCL2L11;FOSB;FKBP4;PDAP1;IL6ST;IL6;HNRNPU;MMP14;PPP1R2;DDX21;ONECUT1;ALAS1;DNAJA1;FOS;SQSTM1;STIP1;POLG2;SOD2;POLE3;MAOA;GPX3;CXCL2;BID;FGF18;NR4A1;PRKCD;RRAD;WIZ;EPCAM;CDKN1C;NXF1;SLC25A4;BTG1;NPTXR;GLS;CDO1;RASGRP1;ATP6V1F;CDC5L;TCHH;PDLIM3;HMOX1;SULT1A1;KCNH2;PLCL1;RFC4;FMO1;GRPEL1;BTG3;SHOX2;YKT6;HSPA2,gsea,UV_RESPONSE_UP,-0.25801789982559503,-1.203681686009126,0.1540084388185654,0.22076355735548428,0.846,63/138,47.76%,ATF3;RHOB;FOSB;GLS;PLCL1;FOS;MMP14;IL6ST;BMP2;PTPRD;IL6;EPHX1;POLG2;ICAM1;SQSTM1;FURIN;GPX3;TCHH;MAOA;DDX21;IRF1;NFKBIA;FMO1;PSMC3;CLTB;MGAT1;BCL2L11;NR4A1;BTG3;MSX1;IGFBP2;RRAD;CDO1;AMD1;DNAJA1;HSPA2;NXF1;PDLIM3;NTRK3;CCNE1;SLC25A4;RASGRP1;RPN1;TAP1;CREG1;MARK2;HSPA13;POLE3;PRPF3;ALAS1;DLG4;SOD2;ONECUT1;TGFBRAP1;PRKACA;SULT1A1;PDAP1;CDC5L;SHOX2;DGAT1;RXRB;FKBP4;HNRNPU
downOnKras,gsea,downOnKras,-0.4177004525140794,-1.8054638791243809,0.0,0.007608482230512467,0.058,34/80,31.84%,EMP2;RHOB;DUSP8;GPRC5C;YPEL2;FGFR3;PALM;ZDHHC1;ISM2;NYNRIN;FAM171B;MAPK8IP1;CLIC3;LRFN1;TNXB;STEAP3;TMEM184B;TMEM229B;SMTNL2;SMIM1;HS6ST1;PYGM;TLN1;SLC29A4;TMEM151A;KCNH3;GDF11;ISLR;THG1L;LSM14A;WIPF3;NPPC;HIPK3;RAB26,gsea,downOnKras,-0.3871228533319113,-1.7542690242319872,0.0,0.014978330237652996,0.128,33/79,27.18%,RHOB;DUSP8;HIPK3;ZDHHC1;SCN1B;FAM171B;CHPF;TNXB;TMEM151A;TLN1;FGFR3;PXYLP1;NT5DC2;EMP2;NYNRIN;ISLR;SMIM1;GDF11;SLC41A1;NPPC;TOP1MT;CLIC3;DISC1;LYNX1;ANO10;MEIS3;STEAP3;TMEM184B;YPEL2;DAPK2;IL10RB;DHX40;ELOVL7
MITOTIC_SPINDLE,gsea,MITOTIC_SPINDLE,-0.4078958103353786,-1.790548432580107,0.004210526315789474,0.007997360211183106,0.066,86/197,24.88%,AKAP13;FLNA;SORBS2;TRIO;STK38L;FARP1;CLIP1;ARHGEF12;MYH10;BCL2L11;KIF1B;FSCN1;RASAL2;MARCKS;VCL;EZR;YWHAE;NOTCH2;MYH9;TIAM1;PALLD;PAFAH1B1;KIFAP3;LMNB1;PCM1;GSN;MYO1E;ARHGEF2;ABI1;CDC42;SPTAN1;NEDD9;ARFGEF1;BCAR1;SMC1A;MAPRE1;CLASP1;NIN;DST;SMC3;TBCD;ROCK1;CDK5RAP2;RFC1;CTTN;RAPGEF5;DYNLL2;SYNPO;SOS1;TUBGCP2;SUN2;CDC42EP1;PKD2;RANBP9;PCNT;HOOK3;RASA1;DYNC1H1;RICTOR;PCGF5;MARK4;PLEKHG2;ALMS1;LLGL1;SHROOM1;ABL1;DLG1;CCDC88A;BRCA2;KIF3C;RHOF;STAU1;CYTH2;MAP3K11;HDAC6;CDC42BPA;RASA2;NUMA1;SAC3D1;TUBGCP3;MAP1S;SASS6;BCR;ARHGAP29;CSNK1D;BIN1,gsea,MITOTIC_SPINDLE,-0.5074918400028381,-2.1973446471309197,0.0,0.0002081930071642888,0.001,68/197,18.67%,AKAP13;DST;STK38L;TRIO;KIF1B;NEDD9;PALLD;CLIP1;VCL;FARP1;EPB41L2;ARHGAP10;MYH10;PAFAH1B1;SPTBN1;ABI1;SYNPO;NOTCH2;CCDC88A;SPTAN1;NF1;FLNA;ARHGEF12;CLASP1;CDK5RAP2;KIFAP3;KLC1;OPHN1;PKD2;CDC42BPA;MID1;MYO1E;RASAL2;PCM1;SORBS2;DLG1;HOOK3;MYH9;DYNC1H1;FLNB;FSCN1;MARCKS;RAB3GAP1;CNTRL;BCR;ROCK1;RALBP1;ARFGEF1;ARHGEF3;SUN2;RICTOR;NCK2;TLK1;PCNT;HDAC6;CKAP5;TUBGCP3;TBCD;SMC1A;KIF5B;CDC42;CDC42EP2;NIN;ITSN1;ARHGEF2;BCL2L11;PCGF5;RAPGEF6
APOPTOSIS,gsea,APOPTOSIS,-0.3946043998794382,-1.7511158812892504,0.005917159763313609,0.010386553691089328,0.085,70/151,27.15%,TIMP3;DCN;TIMP2;IRF1;IL18;GADD45A;JUN;RHOB;ATF3;HSPB1;PLAT;GADD45B;BCL2L11;TGFB2;WEE1;PAK1;IL6;LMNA;CDKN1A;CREBBP;GSN;PMAIP1;SMAD7;CTNNB1;SPTAN1;NEDD9;DNAJA1;BGN;BMF;CASP4;CD14;TGFBR3;CAV1;SQSTM1;BIRC3;FAS;RELA;ROCK1;SOD2;LUM;GPX3;BID;IFITM3;DNM1L;BIK;IFNGR1;MMP2;PTK2;CASP6;MCL1;TNFRSF12A;CCND1;RARA;BCL10;EGR3;GPX1;DIABLO;IER3;ETF1;PLCB2;IGFBP6;CD2;AIFM3;TNFSF10;HMOX1;HGF;AVPR1A;NEFH;CYLD;BTG3,gsea,APOPTOSIS,-0.42538369282280136,-1.8870283861553272,0.002070393374741201,0.0053436205172167454,0.044,55/149,21.96%,TIMP3;ATF3;HSPB1;CD44;NEDD9;IFITM3;PAK1;RHOB;JUN;DCN;APP;TIMP2;LMNA;TGFB2;PDCD4;WEE1;SPTAN1;PDGFRB;ANXA1;TIMP1;MMP2;CREBBP;LUM;CASP4;TGFBR3;BMP2;FAS;PTK2;IL6;BIRC3;GSTM1;IL18;SATB1;SQSTM1;PSEN1;HGF;GPX3;ROCK1;PPP2R5B;IRF1;BGN;RELA;PSEN2;TSPO;DNM1L;ADD1;BCL2L11;IGFBP6;BTG3;ETF1;FEZ1;BMF;GSN;LEF1;DNAJC3
WNT_BETA_CATENIN_SIGNALING,gsea,WNT_BETA_CATENIN_SIGNALING,-0.46414330200284193,-1.6827120673453642,0.005484460694698354,0.016100997634474958,0.14,22/38,28.89%,CSNK1E;NCOR2;CUL1;CTNNB1;ADAM17;GNAI1;HDAC2;WNT5B;RBPJ;FZD8;NUMB;NOTCH1;KAT2A;TCF7;AXIN1;FZD1;AXIN2;NKD1;HDAC5;HDAC11;MAML1;JAG2,gsea,WNT_BETA_CATENIN_SIGNALING,-0.409860855012605,-1.5598816474852166,0.026476578411405296,0.04962663839195073,0.322,19/38,35.69%,NCOR2;ADAM17;FZD1;CSNK1E;CUL1;TCF7;FZD8;AXIN2;HDAC2;PSEN2;NOTCH1;LEF1;WNT5B;PTCH1;AXIN1;WNT6;NUMB;NKD1;HEY1
INFLAMMATORY_RESPONSE,gsea,INFLAMMATORY_RESPONSE,-0.3715327430355782,-1.5988951715359945,0.002881844380403458,0.03027837772978162,0.254,75/177,39.58%,EDN1;ABCA1;ICAM1;NFKBIA;IRF1;IL18;NFKB1;SLC4A4;OSMR;KLF6;KIF1B;TNFAIP6;IL6;SPHK1;MET;CDKN1A;MMP14;ABI1;IL10;HRH1;CCL7;TPBG;HBEGF;CCL2;PDPN;CD14;F3;RAF1;RELA;CXCL10;ITGA5;LPAR1;SLC7A2;CSF1;PVR;PDE4B;GPC3;SLC28A2;TAPBP;AXL;SGMS2;SERPINE1;SLC11A2;C3AR1;CX3CL1;RIPK2;ITGB8;RASGRP1;OLR1;TNFSF10;SEMA4D;INHBA;SELE;SLC7A1;CD40;BST2;PTAFR;TIMP1;P2RY2;C5AR1;GNA15;CSF3;IFNAR1;PCDH7;LCK;STAB1;CCRL2;ADORA2B;MSR1;PTGIR;PTGER2;KCNJ2;RTP4;RHOG;NLRP3,gsea,INFLAMMATORY_RESPONSE,-0.4109419983598952,-1.968940347065734,0.0,0.002914702100300043,0.021,71/176,31.56%,KIF1B;TNFAIP6;ABCA1;KLF6;OSMR;NFKB1;SLC4A4;MMP14;IL15;ABI1;SLC7A2;TIMP1;DCBLD2;OLR1;HIF1A;TAPBP;SGMS2;SLC7A1;SCN1B;LPAR1;IL6;ITGB8;IL10;ITGA5;NMI;ICAM1;ITGB3;INHBA;RAF1;IL1R1;AXL;TPBG;IL18;ATP2A2;HAS2;PSEN1;PDE4B;STAB1;CCL7;PTGER4;IRF1;NFKBIA;RELA;EDN1;SPHK1;SLC1A2;CXCL10;TLR2;EIF2AK2;CSF1;ATP2C1;RIPK2;PDPN;CD55;CHST2;GPC3;PVR;SLC28A2;ADGRE1;ACVR2A;TNFSF10;PCDH7;ADORA2B;P2RX7;CCL2;CCL24;SLC11A2;AQP9;CD48;RASGRP1;SERPINE1
MYC_TARGETS_V1,gsea,MYC_TARGETS_V1,-0.45763081175848425,-1.5794350787965477,0.0778688524590164,0.03284962203023758,0.283,109/191,26.96%,YWHAQ;RANBP1;SMARCC1;SET;HNRNPA1;CDK4;MCM6;PTGES3;HNRNPC;TRIM28;HSP90AB1;SNRPD3;SNRPD1;YWHAE;HNRNPU;G3BP1;NME1;SRPK1;SSB;SRSF3;MCM7;PSMD1;SERBP1;MCM2;CCT3;CUL1;PSMD8;U2AF1;DDX21;HSPE1;NOP56;FBL;HNRNPR;SNRPD2;RAN;NAP1L1;HDGF;TXNL4A;GSPT1;DEK;HDAC2;APEX1;SNRPG;PSMC4;ODC1;HNRNPA2B1;USP1;MCM5;PCNA;SSBP1;VDAC3;LSM7;NCBP1;PABPC4;MCM4;POLE3;IMPDH2;CCT5;EIF3B;C1QBP;EIF4G2;PSMA7;NOLC1;TRA2B;RNPS1;PA2G4;PSMA4;RRM1;ILF2;UBE2E1;RUVBL2;ABCE1;NHP2;RSL1D1;IFRD1;PPIA;NPM1;SRM;KPNB1;PSMA2;HSPD1;SYNCRIP;EIF3D;PPM1G;ORC2;TCP1;DUT;SF3A1;SNRPB2;RRP9;TUFM;ETF1;UBA2;CBX3;NDUFAB1;PSMA6;GOT2;SNRPA1;CYC1;PSMA1;EIF4E;ERH;RFC4;PWP1;EIF2S1;NCBP2;LSM2;TFDP1;CSTF2,gsea,MYC_TARGETS_V1,0.54627344456219,2.071891810332267,0.006593406593406593,0.0008371119637251482,0.004,78/191,18.29%,PGK1;RPL22;RPS10;RPL18;RPL34;RPS3;RPS5;EEF1B2;RACK1;RPS6;RPLP0;RPL6;RPL14;LDHA;RPS2;NPM1;PABPC1;CCT2;CDC20;ACP1;COX5A;C1QBP;EIF2S2;HDDC2;HSPE1;RAN;SNRPG;RSL1D1;SERBP1;UBE2L3;SNRPA1;CCNA2;SLC25A3;CNBP;CCT7;CCT5;PPIA;COPS5;CCT4;ODC1;PSMD8;SNRPB2;SNRPD2;PCBP1;HSPD1;EIF3D;MCM4;PSMA7;VDAC1;HSP90AB1;RNPS1;EIF4A1;PSMA2;PSMB2;ERH;TCP1;CDK4;MRPS18B;CBX3;EIF1AX;NHP2;SNRPD1;AIMP2;HNRNPC;MRPL9;HNRNPD;PCNA;PSMC6;MCM7;MCM5;RFC4;DUT;NDUFAB1;PHB2;PSMA1;UBA2;MAD2L1;BUB3
INTERFERON_GAMMA_RESPONSE,gsea,INTERFERON_GAMMA_RESPONSE,-0.36468313093106713,-1.5770699405247248,0.018115942028985508,0.03150806758988693,0.287,63/173,33.97%,AUTS2;VCAM1;PIM1;ICAM1;NFKBIA;IRF1;NFKB1;ARID5B;SERPING1;TNFAIP6;SOCS3;IL6;TNFAIP3;CDKN1A;EIF4E3;ISOC1;IFI27;PSME1;STAT3;CCL7;CCL2;CASP4;SSPN;PTPN2;FAS;CXCL10;BPGM;PSMA3;FGL2;RIPK1;SOD2;JAK2;IFITM3;PTGS2;NUP93;PDE4B;TAPBP;PSMA2;PNP;PELI1;STAT4;BTG1;ITGB7;RIPK2;TNFSF10;XAF1;P2RY14;ZBP1;TRAFD1;GBP6;IRF4;CD40;BST2;IRF5;CMTR1;IFIT2;BANK1;B2M;PSMB8;IRF9;NOD1;PSME2;NLRC5,gsea,INTERFERON_GAMMA_RESPONSE,-0.38953239702879533,-1.7836298628387421,0.002544529262086514,0.012430347192456065,0.105,80/173,39.87%,VCAM1;TNFAIP6;IFITM3;STAT3;NFKB1;SOCS3;SSPN;ARID5B;AUTS2;IL15;CFH;SERPING1;PELI1;RIPK1;HIF1A;TAPBP;CASP4;FAS;ISOC1;IL6;NMI;ICAM1;IFITM2;ZBP1;JAK2;EIF4E3;MVP;PDE4B;NUP93;PARP12;CCL7;PTPN2;B2M;IFI27;SAMHD1;ARL4A;IRF1;NFKBIA;XAF1;CXCL10;EIF2AK2;BPGM;RIPK2;FGL2;NCOA3;RAPGEF6;STAT4;ZNFX1;PTGS2;P2RY14;ST3GAL5;NOD1;HERC6;GBP6;TNFSF10;ITGB7;PIM1;CCL2;UBE2L6;IFI35;MYD88;PSMB10;PNP;CD40;IFNAR2;PSME2;RNF31;BST2;SELP;TAP1;CMPK2;PNPT1;PARP14;CSF2RB;IFI44;TXNIP;SOD2;VAMP5;ADAR;TRAFD1
IL2_STAT5_SIGNALING,gsea,IL2_STAT5_SIGNALING,-0.33721007839746825,-1.5520438211407408,0.0035587188612099642,0.035895128389728824,0.333,87/187,40.68%,HIPK2;PIM1;TGM2;ITGAV;AHNAK;RHOB;GADD45B;IGF1R;BMPR2;KLF6;HUWE1;CD81;WLS;NFIL3;SYT11;GLIPR2;PLAGL1;CISH;MAFF;TIAM1;RORA;DENND5A;NT5E;MYO1E;PRNP;IL10;SERPINC1;SCN9A;IKZF4;HK2;GABARAPL1;ODC1;DRC1;CXCL10;TWSG1;MAP6;FGL2;PENK;IFITM3;POU2F1;COL6A1;IFNGR1;SMPDL3A;MAPKAPK2;UMPS;CSF1;CKAP4;MAP3K8;IRF6;APLP1;CDKN1C;ITGAE;PHTF2;SLC29A2;NCS1;PNP;BATF3;BATF;CDC6;PTH1R;COCH;SWAP70;LTB;PLEC;TNFSF10;NDRG1;NRP1;SLC2A3;CYFIP1;BHLHE40;IRF4;TNFSF11;RHOH;TRAF1;GUCY1B1;IGF2R;SPP1;CSF2;F2RL2;PRKCH;PTCH1;PUS1;PRAF2;PTGER2;CAPN3;MYO1C;CST7,gsea,IL2_STAT5_SIGNALING,-0.4141588403275735,-1.929163365288432,0.002702702702702703,0.003747474128957198,0.026,76/186,28.55%,WLS;CD44;RABGAP1L;BMPR2;IFITM3;RHOB;SYT11;COL6A1;KLF6;NRP1;TGM2;IGF1R;CD81;DENND5A;NT5E;HIPK2;HUWE1;ITGAV;SERPINC1;NFIL3;AHNAK;CKAP4;LRRC8C;PHTF2;MYO1E;BHLHE40;BMP2;NFKBIZ;PENK;CISH;PRNP;DRC1;CYFIP1;IL10;MAPKAPK2;TWSG1;HK2;PLPP1;MAP3K8;FURIN;IKZF4;POU2F1;PTH1R;S100A1;GLIPR2;ARL4A;MAP6;TTC39B;CXCL10;CSF1;CTSZ;SMPDL3A;IL3RA;RORA;FGL2;NCOA3;PRKCH;BATF3;PLEC;PRAF2;PLAGL1;TNFSF11;COCH;CST7;ENO3;SCN9A;ETFBKMT;IGF2R;APLP1;TNFSF10;XBP1;CDC42SE2;PIM1;SPP1;PTCH1;SLC39A8
ANGIOGENESIS,gsea,ANGIOGENESIS,-0.4431731522496544,-1.5119968051619908,0.043233082706766915,0.046280929104619,0.411,21/33,33.76%,PDGFA;COL3A1;ITGAV;LRPAP1;FSTL1;THBD;FGFR1;LPL;LUM;VAV2;POSTN;PTK2;COL5A2;SLCO2A1;OLR1;NRP1;JAG2;TIMP1;SPP1;VCAN;KCNJ8,gsea,ANGIOGENESIS,-0.6491543858548062,-2.2066249765894517,0.0,0.00024289184169167024,0.001,18/32,11.52%,VCAN;FSTL1;COL3A1;APP;NRP1;FGFR1;VAV2;PDGFA;ITGAV;TIMP1;COL5A2;OLR1;LUM;S100A4;PTK2;LRPAP1;SLCO2A1;POSTN
HYPOXIA,gsea,HYPOXIA,-0.3312337495263675,-1.4950840798176073,0.023715415019762844,0.04882109431245501,0.446,91/182,46.58%,KLF7;DCN;PIM1;TGM2;CCN1;PDGFB;JUN;PPP1R15A;ATF3;KLF6;CAVIN1;NFIL3;HAS1;EXT1;PNRC1;IRS2;IL6;TNFAIP3;DUSP1;MYH9;NEDD4L;CDKN1A;MAFF;CP;FOSL2;NOCT;RORA;GCNT2;EDN2;AKAP12;TGFB3;STBD1;SDC3;TPBG;WSB1;GPC1;SLC6A6;TIPARP;BGN;HK2;FOS;NDST1;CAV1;ETS1;F3;TKTL1;CAVIN3;LOX;SULT2B1;KLHL24;RBPJ;PKP1;ZFP36;LARGE1;CASP6;TMEM45A;COL5A1;GPC3;CDKN1C;ILVBL;TGFBI;SERPINE1;IER3;BTG1;PHKG1;PYGM;GALK1;NDRG1;IDS;HMOX1;SLC2A3;GPC4;BHLHE40;DTNA;SRPX;TES;PDK3;ALDOB;CXCR4;PFKFB3;FOXO3;ENO2;INHA;ADORA2B;NAGK;MXI1;PGF;SDC2;SDC4;GCK;EFNA3,gsea,HYPOXIA,0.43948108108095973,1.935268992687303,0.0,0.0037670038367631675,0.018,73/182,19.87%,PGK1;ALDOA;GAPDH;PLAC8;TPI1;PRDX5;VEGFA;MIF;F3;SLC2A1;ADM;DDIT4;ERRFI1;LDHA;TPD52;PLAUR;FAM162A;P4HA1;CITED2;PFKL;STC1;PGM1;MAP3K1;CCNG2;PLIN2;SELENBP1;AK4;EFNA1;BNIP3L;DDIT3;PGF;IGFBP3;ANXA2;HS3ST1;ENO1;SDC4;PDK1;CDKN1A;ALDOC;PFKFB3;ISG20;HMOX1;HK1;SAP30;GRHPR;MXI1;KDM3A;HSPA5;VLDLR;NDRG1;CDKN1B;VHL;ACKR3;EGFR;IER3;PFKP;PAM;ANGPTL4;PNRC1;SLC25A1;GYS1;CASP6;AKAP12;CDKN1C;SLC37A4;BTG1;GLRX;STC2;SULT2B1;NR3C1;RRAGD;PPARGC1A;SCARB1
MYC_TARGETS_V2,gsea,MYC_TARGETS_V2,-0.42448332813930767,-1.4789370980848346,0.06776180698151951,0.05138503205457849,0.468,32/57,32.52%,CDK4;UNG;HSPE1;NOP56;MYBBP1A;HK2;MCM5;NOC4L;TCOF1;MCM4;MRTO4;UTP20;NOLC1;DCTPP1;PA2G4;IPO4;NPM1;SRM;SLC29A2;HSPD1;WDR74;EXOSC5;RRP9;CBX3;NIP7;SUPV3L1;BYSL;RRP12;PES1;DUSP2;DDX18;WDR43,gsea,MYC_TARGETS_V2,0.3168194681317372,1.118462108637739,0.3134020618556701,0.3882428697915269,0.96,24/57,32.21%,NPM1;SORD;PLK1;HSPE1;NIP7;HSPD1;MCM4;CDK4;LAS1L;CBX3;AIMP2;EXOSC5;TMEM97;PPAN;MCM5;PES1;NOP2;MYC;SLC29A2;IMP4;GNL3;IPO4;MPHOSPH10;FARSA
DNA_REPAIR,gsea,DNA_REPAIR,-0.33621163303433976,-1.4494499025414802,0.05091649694501019,0.060614241769749326,0.543,71/142,43.16%,BCAM;NME1;POLA1;SSRP1;VPS37D;DCTN4;ALYREF;BRF2;LIG1;RFC3;PRIM1;NME4;PCNA;MPC2;IMPDH2;SF3A3;POLA2;POM121;REV3L;RAE1;UMPS;RFC2;POLB;TSG101;POLR2G;PDE4B;SMAD5;GSDME;GTF2F1;XPC;CETN2;PNP;POLD1;RBX1;POLR2K;USP11;ERCC3;SDCBP;BOLA2;DUT;RAD52;SRSF6;RPA2;GTF2H5;NME3;STX3;SAC3D1;POLR2I;HCLS1;RFC4;MRPL40;NCBP2;GTF2B;POLR2A;DDB1;GUK1;ERCC2;AK1;POLR2J;COX17;ITPA;POLR2D;SNAPC5;RALA;DGCR8;NPR2;GTF3C5;CCNO;RPA3;ELL;TAF10,gsea,DNA_REPAIR,0.22764059495005495,1.017400941062415,0.41041666666666665,0.4173700732472968,0.988,142/142,97.57%,APRT;POLD4;VPS37B;POLR1D;ARL6IP1;NUDT21;EDF1;RALA;GPX4;EIF1B;SURF1;ELOA;POLR2C;POLR2A;ZWINT;TAF12;ERCC1;TAF10;COX17;NT5C;DAD1;TMED2;GTF2H1;ADRM1;TSG101;NME4;PCNA;POLH;RFC4;POLR1C;DUT;FEN1;SDCBP;TARBP2;NFX1;POLR2E;TAF1C;NELFB;MRPL40;DDB2;ITPA;TK2;POLR2H;DGUOK;POLR2F;RFC5;POLR2D;HCLS1;POLA2;GUK1;POLL;TAF9;BRF2;CANT1;ELL;RPA3;RPA2;CSTF3;UPF3B;NELFE;CLP1;POLE4;TYMS;GTF2H5;POLR2J;BCAP31;SAC3D1;SNAPC4;CETN2;POLD1;LIG1;GTF2A2;RRM2B;STX3;POLR2G;GTF2F1;RFC2;GMPR2;RAD51;ERCC2;POLR2K;NELFCD;AAAS;NUDT9;POLR2I;TAF13;MPG;GTF2H3;AK3;PRIM1;CDA;XPC;UMPS;ADCY6;SF3A3;RBX1;RAE1;NPR2;AGO4;POLR3GL;ERCC8;TAF6;ERCC3;CMPK2;DGCR8;SSRP1;POLD3;BOLA2;BCAM;PNP;VPS28;SEC61A1;NME3;POLR3C;ADA;NME1;RNMT;ERCC5;ERCC4;RAD52;CCNO;DDB1;USP11;RFC3;VPS37D;NCBP2;ALYREF;POLA1;SRSF6;IMPDH2;REV3L;GTF3C5;PDE4B;GTF2B;MPC2;SNAPC5;SMAD5;POM121;GSDME;AK1;DCTN4;POLB
P53_PATHWAY,gsea,P53_PATHWAY,-0.3046665024361411,-1.4285332652123792,0.04375,0.06685760791310609,0.587,74/190,42.20%,TM4SF1;DRAM1;NUPR1;PDGFA;ZFP36L1;GADD45A;JUN;PPP1R15A;ATF3;RNF19B;EPHX1;CD81;SFN;SPHK1;CDKN1A;ST14;PLK2;S100A10;PTPN14;RPS27L;BAIAP2;HBEGF;IER5;GM2A;FOS;FAS;PCNA;SESN1;KRT17;EPS8L2;SLC19A2;POM121;RRAD;RALGDS;RHBDF2;CTSF;CSRNP2;PITPNC1;STEAP3;XPC;NOTCH1;RXRA;CCP110;ABAT;FBXW7;IER3;BTG1;FGF13;CYFIP2;TCHH;NDRG1;DNTTIP2;HMOX1;PROCR;HRAS;TRAFD1;LDHB;JAG2;VDR;CDH13;PRMT2;AK1;PHLDA3;NOL8;FOXO3;ELP1;CDK5R1;GLS2;HEXIM1;INHBB;CDKN2AIP;VWA5A;WRAP73;PPM1D,gsea,P53_PATHWAY,-0.28335498650220176,-1.3284537541718349,0.08461538461538462,0.13891470210030002,0.667,88/190,41.43%,KLF4;ATF3;JUN;NUPR1;APP;FBXW7;CD81;FOS;PDGFA;BAIAP2;VWA5A;RNF19B;SESN1;ZFP36L1;CTSD;DRAM1;AK1;RB1;CDH13;S100A4;BMP2;FAS;TM4SF1;POM121;EPHX1;ABCC5;PHLDA3;RHBDF2;ITGB4;PTPN14;SDC1;INHBB;DGKA;TM7SF3;MXD4;CTSF;TCHH;SFN;PITPNC1;PROCR;SLC3A2;TSC22D1;SPHK1;KIF13B;NOTCH1;ZBTB16;FGF13;GM2A;MKNK2;RAB40C;CDK5R1;CSRNP2;ELP1;TNNI1;ISCU;RXRA;TSPYL2;ERCC5;PPP1R15A;IRAK1;ST14;STEAP3;WWP1;RRAD;SP1;KLK8;ADA;FOXO3;COQ8A;PLK2;SEC61A1;RETSAT;ABHD4;HEXIM1;CCP110;NOL8;KRT17;TAP1;ABAT;PIDD1;TXNIP;LDHB;ANKRA2;TRAFD1;DNTTIP2;CASP1;ZMAT3;APAF1
E2F_TARGETS,gsea,E2F_TARGETS,-0.3585660272892766,-1.2861780262366993,0.2124248496993988,0.15148488120950324,0.841,91/191,33.96%,STMN1;RANBP1;NASP;CDK4;MCM6;WEE1;CDKN1A;NME1;HMGB3;STAG1;MCM7;MCM2;LMNB1;HELLS;PSIP1;SSRP1;PRKDC;TMPO;ILF3;MCM3;UNG;NOP56;CSE1L;SMC1A;RAN;POLE;NAP1L1;GSPT1;DEK;DNMT1;MSH2;LIG1;SMC3;RFC3;USP1;MCM5;CHEK1;PCNA;EZH2;PAICS;RFC1;MCM4;NUP153;TIMELESS;JPT1;CBX5;POLA2;NOLC1;TRA2B;DCTPP1;PA2G4;RFC2;PSMC3IP;DCK;RPA1;PDS5B;SYNCRIP;POLD1;SMC6;SNRPB;DSCC1;EED;ORC2;CCP110;BRCA2;DUT;CTCF;NUP205;SLBP;ATAD2;MMS22L;RPA2;GINS1;DONSON;ASF1A;PRPS1;CNOT9;NBN;LYAR;TIPIN;EIF2S1;ING3;HNRNPD;XRCC6;NUP107;TUBG1;XPO1;EXOSC8;MLH1;ORC6;PNN,gsea,E2F_TARGETS,0.2651448787715216,1.0681871116119261,0.37267080745341613,0.4412775923065424,0.976,87/191,37.61%,TFRC;PLK1;CDKN1A;CKS1B;TMPO;CDC20;CKS2;HMGA1;NUDT21;CDKN3;BIRC5;RAN;CDCA3;TK1;CDCA8;RACGAP1;CDC25A;CENPE;HMMR;TACC3;CDK1;MKI67;BUB1B;SPC24;CDKN1B;LMNB1;RAD51C;MELK;CCNB2;MCM4;RAD50;HMGB2;KIF2C;PNN;E2F8;CDK4;LUC7L3;BARD1;POP7;HNRNPD;PCNA;NAA38;MCM7;KIF18B;ESPL1;MCM5;DUT;TUBG1;MAD2L1;MYBL2;UBE2T;SNRPB;SPC25;ORC6;AURKA;RRM2;SUV39H1;AK2;MYC;CIT;CHEK2;SPAG5;TRIP13;PHF5A;POLA2;TCF19;NCAPD2;EED;SHMT1;SRSF2;DSCC1;CENPM;RAD1;DLGAP5;RAD51AP1;RPA3;RPA2;GINS3;IPO7;ORC2;POLE4;KIF22;BRCA1;AURKB;RNASEH2A;ASF1B;XPO1
PI3K_AKT_MTOR_SIGNALING,gsea,PI3K_AKT_MTOR_SIGNALING,-0.2939958057153043,-1.2843899032410162,0.08964143426294821,0.14658603311735063,0.841,50/100,36.09%,ITPR2;CDK4;GSK3B;SFN;CDKN1A;TIAM1;CFL1;PLA2G12A;YWHAB;ACACA;PIK3R3;MAPK8;PFN1;SQSTM1;RAF1;DAPP1;RIPK1;PTPN11;GRB2;PIN1;PTEN;MAP2K3;AP2M1;E2F1;MAP3K7;NGF;SMAD2;CAB39;AKT1;MAPK9;UBE2N;THEM4;SLA;EIF4E;MAPKAP1;CSNK2B;CLTC;VAV3;HRAS;PAK4;NFKBIB;PITX2;PLCG1;CXCR4;ADCY2;NOD1;RPTOR;IL2RG;TSC2;LCK,gsea,PI3K_AKT_MTOR_SIGNALING,0.23932967692084672,1.06341971174987,0.3393574297188755,0.39357342169515175,0.979,99/99,96.71%,SLC2A1;MAP2K6;ARPC3;DDIT3;PDK1;CDKN1A;ACTR2;ACTR3;CSNK2B;MAPK1;CDK1;CDKN1B;CFL1;UBE2D3;RAC1;EGFR;PFN1;CDK4;HSP90B1;TRAF2;ATF1;RPS6KA1;ARF1;CALR;ADCY2;CAB39L;E2F1;PIN1;UBE2N;CDK2;RALB;CAB39;PRKAG1;NGF;HRAS;NFKBIB;LCK;NCK1;MAP2K3;STAT2;PLCG1;EIF4E;CXCR4;PRKCB;GNA14;PLA2G12A;GRK2;GRB2;TRIB3;CLTC;PRKAA2;FGF22;ECSIT;MKNK1;TNFRSF1A;PRKAR2A;DAPP1;THEM4;ARHGDIA;CAMK4;PAK4;TIAM1;SLA;PPP1CA;TBK1;RIT1;MYD88;MAPK10;AKT1S1;IRAK4;YWHAB;MAPK9;NOD1;AKT1;TSC2;SMAD2;DUSP3;MKNK2;AP2M1;MAPKAP1;MAP3K7;PIKFYVE;PTEN;SFN;IL2RG;VAV3;RPTOR;RPS6KA3;PTPN11;SQSTM1;PPP2R1B;PIK3R3;PLCB1;RAF1;ACACA;MAPK8;ITPR2;GSK3B;RIPK1
G2M_CHECKPOINT,gsea,G2M_CHECKPOINT,-0.31611083944109153,-1.2438702738061018,0.21212121212121213,0.17695768953868304,0.901,95/191,44.32%,STMN1;SMARCC1;NCL;NASP;RPS6KA5;CDK4;MCM6;RASAL2;MARCKS;MAPK14;SNRPD1;FOXN3;NOTCH2;HNRNPU;G3BP1;HMGB3;PAFAH1B1;STAG1;MCM2;HSPA8;LMNB1;SLC38A1;CBX1;CUL1;NUP98;TMPO;ILF3;MCM3;BCL3;SMC1A;ATRX;POLE;GSPT1;CUL3;FANCC;ODC1;MCM5;CHEK1;EZH2;HIRA;NSD2;GINS2;JPT1;POLA2;NOLC1;TRA2B;DTYMK;YTHDC1;CCND1;KPNB1;E2F1;MTF2;PDS5B;SYNCRIP;CHAF1A;ABL1;EFNA5;CDC6;BRCA2;CTCF;ODF2;KMT5A;RPA2;SRSF10;MAP3K20;PRMT5;NUMA1;SFPQ;RBL1;MNAT1;CASP8AP2;HMGN2;TFDP1;HNRNPD;SLC7A1;PRPF4B;TOP1;MEIS2;XPO1;CDC7;CUL5;ORC6;KATNA1;UPF1;WRN;DMD;POLQ;DKC1;KIF5B;KPNA2;EWSR1;EXO1;TENT4A;RAD23B;EGF,gsea,G2M_CHECKPOINT,-0.2277274929377826,-0.925338094568641,0.5111524163568774,0.6038442991855979,0.989,91/191,52.48%,STAG1;FOXN3;FANCC;PAFAH1B1;NOTCH2;PDS5B;RPS6KA5;NASP;HIF1A;NUP98;MAPK14;SLC38A1;RASAL2;EFNA5;SLC7A1;SFPQ;ATRX;MEIS1;CUL1;MARCKS;CUL3;DMD;PRPF4B;MNAT1;YTHDC1;SMC1A;KIF5B;MEIS2;JPT1;CUL4A;G3BP1;GSPT1;EGF;NCL;ILF3;SRSF10;MCM6;CDKN2C;CUL5;EZH2;KPNA2;LIG3;SMARCC1;AMD1;HIRA;UPF1;TENT4A;BCL3;UCK2;ATF5;ODF2;CTCF;CDC27;SMC4;UBE2S;STIL;POLQ;GINS2;CDC45;POLE;MCM2;SMC2;SYNCRIP;HMGB3;HSPA8;TTK;BRCA2;CDC7;ABL1;CDC25B;CASP8AP2;NOLC1;RAD54L;MAP3K20;RBL1;PTTG1;CHEK1;PRMT5;CHAF1A;MCM3;HNRNPU;RBM14;STMN1;NUMA1;TOP1;TRA2B;KPNB1;PRIM2;TRAIP;DKC1;RAD23B
HEDGEHOG_SIGNALING,gsea,HEDGEHOG_SIGNALING,-0.3538242733621441,-1.2212717148854781,0.20627062706270627,0.19387915633415995,0.933,19/34,38.18%,ETS2;AMOT;MYH9;NRP2;CELSR1;CDK6;ADGRG1;LDB1;RASA1;L1CAM;NRP1;THY1;OPHN1;HEY1;NF1;RTN1;CDK5R1;PTCH1;CNTFR,gsea,HEDGEHOG_SIGNALING,-0.41517818684600316,-1.516671171564607,0.03303303303303303,0.054650664380625796,0.382,16/34,28.25%,NRP1;NF1;DPYSL2;OPHN1;MYH9;THY1;NRCAM;TLE1;CELSR1;LDB1;ADGRG1;CDK5R1;NRP2;L1CAM;PTCH1;GLI1
HEME_METABOLISM,gsea,HEME_METABOLISM,-0.2625074615809598,-1.215547777826021,0.12410071942446044,0.1918170832047722,0.935,91/177,50.41%,PDZK1IP1;BCAM;ARHGEF12;C3;RNF19A;SLC22A4;ENDOD1;NEK7;PRDX2;BACH1;NUDT4;CTSE;TNS1;IGSF3;MBOAT2;HDGF;ABCG2;FOXJ2;SPTB;GCLM;VEZF1;GLRX5;TCEA1;BPGM;LPIN2;TSPAN5;GDE1;TFDP2;DAAM1;MARK3;DMTN;TENT5C;UROS;MAP2K3;HEBP1;GMPS;TMCC2;ALAD;ELL2;SEC14L1;HTRA2;SDCBP;SLC11A2;NFE2L1;RBM38;GAPVD1;SPTA1;OSBP2;SIDT2;BMP2K;SLC4A1;MOSPD1;YPEL5;EPB42;TOP1;PIGQ;SLC30A1;ERMAP;USP15;ACKR1;CIR1;TRAK2;TNRC6B;EIF2AK1;MFHAS1;FOXO3;FECH;ACSL6;TRIM10;BLVRA;MXI1;CTNS;ADD1;XPO7;ATG4A;RAD23A;PPOX;FBXO34;RCL1;UBAC1;CDR2;DCAF10;TSPO2;LMO2;MYL4;HAGH;ASNS;CAST;ADD2;EPB41;KAT2B,gsea,HEME_METABOLISM,-0.26901849596872857,-1.326725680379145,0.045951859956236324,0.1348610241023443,0.669,94/177,45.46%,DAAM1;C3;BACH1;ARHGEF12;TNS1;NEK7;TRAK2;CAST;ELL2;AGPAT4;XPO7;RNF19A;NFE2L1;TENT5C;SEC14L1;IGSF3;VEZF1;LAMP2;FOXJ2;ABCG2;MARK3;KDM7A;DMTN;FBXO34;RIOK3;CAT;HEBP1;SIDT2;ENDOD1;ATG4A;TCEA1;PPP2R5B;MINPP1;RCL1;TAL1;TMCC2;GMPS;SYNJ1;TSPAN5;TNRC6B;BPGM;ADD1;MYL4;ERMAP;RAD23A;UROS;DCAF10;MFHAS1;LMO2;OSBP2;KAT2B;GAPVD1;HTRA2;RNF123;CDR2;ARL2BP;BMP2K;YPEL5;USP15;RHD;FOXO3;P4HA2;KEL;BTRC;CPOX;SLC11A2;GCLC;GYPA;EIF2AK1;CTNS;BCAM;ALAS2;CDC27;KLF3;GYPC;RHAG;SLC22A4;RBM5;SPTB;MBOAT2;UBAC1;EPOR;ALDH6A1;SLC25A38;BLVRB;PDZK1IP1;NFE2;MGST3;PSMD9;SPTA1;SLC4A1;FBXO7;TFDP2;SLC10A3
ALLOGRAFT_REJECTION,gsea,ALLOGRAFT_REJECTION,-0.29330253186619665,-1.207471388680355,0.16248153618906944,0.1940530274819394,0.944,84/151,47.44%,HDAC9;ICAM1;IL18;FLNA;TGFB2;IL6;NME1;PRKCG;ABI1;IL10;CCL7;BCL3;EIF3A;CCL2;EIF4G3;ETS1;FAS;APBB1;JAK2;IFNGR1;CSF1;GLMN;ABCE1;EIF5A;NPM1;TAPBP;MAP3K7;EIF3D;BCL10;CCL11;STAT4;NCF4;LY75;DYRK3;CD47;NOS2;AKT1;ELANE;LTB;RIPK2;UBE2N;CD2;FCGR2B;GALNT1;THY1;HCLS1;CD3E;INHBA;IGSF6;MMP9;IRF4;IL16;CD40;TIMP1;IL11;TNF;B2M;SRGN;GBP2;IL2RG;CD247;LCK;ELF4;STAB1;SPI1;MAP4K1;BCAT1;GZMB;ITGB2;INHBB;NLRP3;RPL3L;ST8SIA4;IL27RA;CXCL13;IFNAR2;IL15;IL2RA;CCL19;ITK;TLR2;IKBKB;ITGAL;CD86,gsea,ALLOGRAFT_REJECTION,-0.3260920001252533,-1.4753611377218816,0.022222222222222223,0.06412344620660093,0.454,60/149,40.94%,HDAC9;TGFB2;IL15;ABI1;FLNA;PRKCG;TIMP1;EIF4G3;APBB1;HIF1A;TAPBP;GBP2;FAS;IL6;THY1;IL10;ICAM1;INHBA;IL18;JAK2;BCAT1;GALNT1;INHBB;NOS2;CD47;STAB1;CCL7;IL2RG;ELF4;B2M;MAP3K7;ETS1;IL11;TLR2;CSF1;CCL11;RIPK2;STAT4;CXCL13;AKT1;FCGR2B;IKBKB;EIF3A;ACVR2A;NME1;ABCE1;CCL2;BCL3;PSMB10;CD4;IL12A;CD40;IFNAR2;TAP1;CSK;CD3E;LTB;SPI1;CRTAM;IL16
SPERMATOGENESIS,gsea,SPERMATOGENESIS,-0.23757982358577767,-0.9786079026969196,0.4914383561643836,0.4984029277657787,1.0,47/87,53.64%,AGFG1;STRBP;BRAF;TOPBP1;SIRT1;MAP7;IFT88;EZH2;VDAC3;TKTL1;ZC3H14;TLE4;PEBP1;IDE;IL12RB2;TSN;PSMG1;PHKG2;NPHP1;JAM3;ART3;MAST2;PIAS2;CSNK2A2;RFC4;IL13RA2;NEFH;TALDO1;HSPA2;PACRG;ZC2HC1C;MTOR;GMCL1;NOS1;MLF1;PHF7;PGS1;GAPDHS;NAA11;GRM8;TEKT2;SCG5;NF2;PCSK1N;CNIH2;CLPB;PRKAR2A,gsea,SPERMATOGENESIS,-0.19983002240733866,-0.8889983243631112,0.6732394366197183,0.6354050578654094,0.995,42/86,46.63%,MAST2;BRAF;AGFG1;CLPB;SIRT1;MLF1;NF2;TLE4;ARL4A;TKTL1;TULP2;ART3;PIAS2;IFT88;IDE;SPATA6;TSN;EZH2;MLLT10;TEKT2;MAP7;IL12RB2;HSPA2;IL13RA2;MTOR;CNIH2;NOS1;GAPDHS;TCP11;CAMK4;CHFR;ADAM2;TTK;ZC2HC1C;PSMG1;NCAPH;PRKAR2A;NPHP1;PGS1;ACRBP;HSPA1L;JAM3
PANCREAS_BETA_CELLS,gsea,PANCREAS_BETA_CELLS,-0.23239629562985065,-0.7041078261502203,0.8402154398563735,0.9295536357091433,1.0,17/27,53.86%,AKT3;FOXO1;STXBP1;MAFB;ELP4;SLC2A2;PAK3;VDR;SEC11A;SRP14;GCG;SYT13;GCK;LMO2;PCSK2;DPP4;ISL1,gsea,PANCREAS_BETA_CELLS,-0.2612105106823749,-0.9126198105721025,0.6330532212885154,0.6093052254218135,0.991,15/27,50.69%,AKT3;ELP4;ISL1;MAFB;PCSK2;LMO2;SYT13;FOXO1;PAK3;SRPRB;IAPP;STXBP1;VDR;GCG;ABCC8
OXIDATIVE_PHOSPHORYLATION,gsea,OXIDATIVE_PHOSPHORYLATION,0.22440966020988212,0.8348042358315286,0.6615087040618955,0.7450454170107349,1.0,178/178,98.96%,LDHA;POR;COX7A2L;ECHS1;IDH1;VDAC2;OAT;ATP6V0B;CPT1A;PDHA1;NDUFS4;UQCRFS1;COX6A1;UQCRH;HSD17B10;COX8A;NDUFA6;SURF1;ECH1;MRPL35;PDHB;ACADM;ATP1B1;PHYH;NDUFA8;ATP6V0C;PDP1;ISCA1;TIMM17A;ACAA2;FDX1;NQO2;ACADVL;MGST3;IDH3G;COX4I1;CASP7;DLST;ATP6AP1;SLC25A5;NNT;ABCB7;AFG3L2;ATP6V1C1;IDH3B;TIMM10;VDAC1;SDHA;BDH2;ALDH6A1;OPA1;MAOB;BAX;NDUFS7;MTRF1;NDUFA2;COX10;IMMT;HADHB;ETFA;COX7A2;MPC1;COX15;SLC25A20;NDUFS1;MRPS12;CYB5A;ISCU;NDUFA7;ACADSB;HCCS;SLC25A12;UQCRC2;UQCRC1;NDUFB5;SLC25A3;NDUFS2;TOMM22;GPX4;RETSAT;PRDX3;LRPPRC;ACO2;MTRR;MRPL15;ATP6V1G1;MRPS30;POLR2F;ATP6V1E1;NDUFS3;PDHX;TIMM9;BCKDHA;UQCR10;RHOT1;CS;PDK4;MRPS11;SDHC;GLUD1;MDH2;RHOT2;COX7B;COX5A;NDUFV1;PMPCA;COX6B1;MRPS22;PHB2;MFN2;MDH1;COX17;NDUFB8;OXA1L;DLD;CYB5R3;MTX2;NDUFS8;SDHB;NDUFA9;HADHA;SUCLG1;SLC25A11;HSPA9;LDHB;NDUFB7;GRPEL1;ETFB;SUPV3L1;COX5B;ATP6V1H;CYC1;COX11;GOT2;DECR1;ATP6V1F;NDUFAB1;MRPS15;OGDH;ATP6V1D;NDUFV2;UQCRB;NDUFB4;COX6C;ACAT1;SLC25A4;SUCLA2;NDUFA5;HTRA2;FXN;COX7C;TIMM50;AIFM1;CYCS;ECI1;SDHD;TIMM13;IDH3A;ETFDH;MRPL11;NDUFB6;UQCR11;NDUFC2;NDUFB3;DLAT;NDUFA3;TIMM8B;NDUFB2;NDUFA1;UQCRQ;MRPL34;NDUFC1;VDAC3;NDUFS6;TCIRG1;ALAS1;IDH2;NDUFA4,gsea,OXIDATIVE_PHOSPHORYLATION,0.41428035640830974,1.643099008222864,0.0367816091954023,0.0341123125217998,0.194,69/178,24.48%,COX7A2L;LDHA;VDAC2;ECHS1;UQCRH;COX8A;COX7C;ATP6V0B;NDUFA6;COX4I1;ATP6V1G1;NDUFA7;COX5A;COX7A2;COX7B;COX6B1;TIMM17A;HSD17B10;POR;GPX4;ECH1;SLC25A3;NDUFA2;SURF1;ATP6V0C;UQCRFS1;TIMM8B;HSPA9;BDH2;IDH3G;ATP6V1D;ATP1B1;VDAC1;NDUFS3;NDUFS2;MRPL35;TOMM22;ATP6V1C1;TIMM13;COX17;MRPS30;COX6A1;SDHA;IDH3B;TIMM50;ATP6V1F;FDX1;MFN2;NDUFAB1;UQCRB;PHB2;SDHD;UQCRC1;NDUFA8;BAX;NDUFB5;SLC25A5;GRPEL1;NDUFS7;AFG3L2;ETFA;UQCRQ;OXA1L;POLR2F;MDH2;SDHC;SUCLG1;NQO2;UQCRC2
APICAL_SURFACE,gsea,APICAL_SURFACE,0.30918058664045023,1.1570838967211177,0.23580786026200873,0.23544797687861274,0.923,37/37,99.70%,PCSK9;PLAUR;ADIPOR2;SULF2;MAL;APP;SHROOM2;AKAP7;GATA3;CRYBG1;NCOA6;ATP8B1;RTN4RL1;CROCC;BRCA1;DCBLD2;LYN;FLOT2;NTNG1;IL2RG;LYPD3;GAS1;AFAP1L2;SRPX;SLC2A4;ATP6V0A4;ADAM10;SCUBE1;THY1;TMEM8B;CX3CL1;EFNA5;EPHB4;MDGA1;B4GALT1;HSPB1;PKHD1,gsea,APICAL_SURFACE,-0.537794336275627,-1.9882733962469314,0.0,0.003036148021145878,0.02,17/36,18.72%,HSPB1;ADAM10;APP;PKHD1;SULF2;DCBLD2;EFNA5;THY1;AFAP1L2;GAS1;IL2RG;B4GALT1;NTNG1;EPHB4;MDGA1;FLOT2;SRPX
INTERFERON_ALPHA_RESPONSE,gsea,INTERFERON_ALPHA_RESPONSE,0.2954457463519486,1.1625080097920828,0.24489795918367346,0.2428202007909948,0.92,40/86,36.81%,LGALS3BP;PLSCR1;TDRD7;IFITM1;IFI30;TXNIP;TRIM25;IRF2;TENT5A;IRF7;IFITM2;CASP8;DDX60;TRIM14;TRIM26;HELZ2;SLC25A28;ISG20;SAMD9L;DHX58;IFIH1;PARP14;IFIT3;MVB12A;CMPK2;ADAR;IL7;PARP9;SELL;PSMB9;UBE2L6;CASP1;STAT2;CNP;IFI35;BATF2;ISG15;RSAD2;CD74;TAP1,gsea,INTERFERON_ALPHA_RESPONSE,-0.3056741920144991,-1.1941033387907056,0.18906605922551253,0.2218574082011716,0.856,41/86,45.67%,IFITM3;ELF1;IL15;GBP2;NMI;IFITM2;NCOA7;PARP12;CD47;B2M;IFI27;IRF1;PROCR;CXCL10;EIF2AK2;CSF1;RIPK2;HERC6;GMPR;UBE2L6;IFI35;PSME2;RNF31;BST2;TAP1;CMPK2;PNPT1;PARP9;PARP14;IFI44;TXNIP;ADAR;TRAFD1;SP110;CASP1;MOV10;IFITM1;HELZ2;LPAR6;PSME1;IFIH1
REACTIVE_OXYGEN_SPECIES_PATHWAY,gsea,REACTIVE_OXYGEN_SPECIES_PATHWAY,0.31683698673003774,1.202008429119043,0.2199248120300752,0.2116088631984586,0.886,46/46,98.60%,GCLC;GSR;PFKP;SOD1;SELENOS;PRDX4;STK25;NDUFA6;PRDX1;CDKN2D;PRDX6;JUNB;IPCEF1;GLRX;MSRA;NQO1;PTPA;EGLN2;GLRX2;NDUFS2;TXNRD2;FES;GPX4;CAT;SRXN1;HMOX2;SCAF4;OXSR1;LSP1;MPO;ERCC2;MGST1;NDUFB4;ABCC1;TXNRD1;PDLIM1;GPX3;LAMTOR5;SOD2;GCLM;ATOX1;PRNP;PRDX2;MBP;HHEX;SBNO2,gsea,REACTIVE_OXYGEN_SPECIES_PATHWAY,0.28181064537082734,1.0621511528812428,0.36268343815513626,0.372453271507417,0.979,46/46,97.83%,NDUFA6;JUNB;SOD1;GPX4;PRDX2;HHEX;PRDX6;STK25;NDUFS2;PRDX1;PFKP;HMOX2;SELENOS;MBP;GSR;GLRX;GLRX2;FES;ATOX1;GCLM;OXSR1;NQO1;SRXN1;TXNRD2;EGLN2;ABCC1;ERCC2;IPCEF1;SOD2;CDKN2D;NDUFB4;GCLC;MPO;LAMTOR5;PTPA;SCAF4;TXNRD1;PRDX4;MGST1;GPX3;CAT;MSRA;PRNP;LSP1;PDLIM1;SBNO2
UNFOLDED_PROTEIN_RESPONSE,gsea,UNFOLDED_PROTEIN_RESPONSE,0.309035256512892,1.314163520762652,0.09944751381215469,0.12766065963957837,0.747,106/106,98.92%,EEF2;HERPUD1;HSPA5;RPS14;DDIT4;XBP1;IMP3;HSP90B1;PREB;PDIA5;KDELR3;VEGFA;EIF4EBP1;STC2;DNAJC3;PSAT1;SSR1;CALR;EDEM1;SERP1;ARFGAP1;SEC31A;SHC1;SLC1A4;SLC30A5;MTHFD2;GOSR2;SRPRB;DCP2;SPCS3;TATDN2;SPCS1;XPOT;FKBP14;GEMIN4;ATF4;SDAD1;EIF4A1;HYOU1;WIPI1;IFIT1;PDIA6;EXOC2;YIF1A;CKS1B;PARN;SLC7A5;DCP1A;NABP1;LSM1;TSPYL2;EDC4;DDX10;ASNS;DCTN1;EXOSC4;EXOSC2;WFS1;DNAJB9;FUS;ATP6V0D1;ALDH18A1;TUBB2A;KIF5B;CEBPG;DKC1;EXOSC1;DNAJA4;NFYA;EXOSC9;SEC11A;HSPA9;ZBTB17;LSM4;EIF2S1;EIF4E;PAIP1;CHAC1;RRP9;CEBPB;EIF4A3;POP4;EXOSC5;EXOSC10;CNOT6;NFYB;NOP14;CXXC1;NPM1;ERN1;NHP2;MTREX;NOLC1;CNOT2;KHSRP;BANF1;BAG3;CCL2;YWHAZ;EIF4G1;NOP56;ATF6;CNOT4;EIF4A2;EIF2AK3;ATF3,gsea,UNFOLDED_PROTEIN_RESPONSE,0.2506998868772065,1.0655583463813372,0.3303370786516854,0.4160865015695849,0.977,106/106,99.85%,RPS14;VEGFA;DDIT4;EEF2;NPM1;SERP1;CKS1B;EIF4EBP1;HSPA5;IMP3;HSPA9;DCP2;PSAT1;EIF4A1;ATF4;NHP2;HSP90B1;EXOSC5;SPCS1;DNAJB9;NFYB;EIF4A3;STC2;PREB;EDC4;CALR;ASNS;HERPUD1;XPOT;SSR1;GOSR2;LSM1;SEC11A;EXOSC9;IFIT1;DCTN1;SLC7A5;ATP6V0D1;TATDN2;NOP14;SHC1;PARN;EXOSC4;EIF2S1;EIF4E;CEBPG;GEMIN4;MTHFD2;KHSRP;EXOSC2;DKC1;NFYA;PDIA5;CEBPB;YIF1A;EXOSC10;CNOT2;ZBTB17;CHAC1;NOLC1;ALDH18A1;EDEM1;KDELR3;WFS1;CXXC1;EIF4A2;WIPI1;ARFGAP1;NABP1;EXOSC1;DCP1A;SRPRB;SLC1A4;SLC30A5;CCL2;RRP9;NOP56;XBP1;PAIP1;DNAJA4;BANF1;DNAJC3;TSPYL2;SPCS3;HYOU1;EXOC2;MTREX;LSM4;DDX10;KIF5B;YWHAZ;PDIA6;POP4;SDAD1;EIF4G1;FUS;FKBP14;CNOT6;BAG3;EIF2AK3;SEC31A;ATF6;CNOT4;ERN1;TUBB2A;ATF3
COMPLEMENT,gsea,COMPLEMENT,0.2951218075047385,1.3980525636048282,0.03902439024390244,0.08578395953757226,0.604,168/168,99.97%,PCSK9;DUSP6;DOCK4;CFH;S100A13;CTSB;CTSC;HSPA5;PLAUR;CASP3;CLU;LTF;HNF4A;PLSCR1;DUSP5;PLA2G7;ME1;GMFB;F5;CALM1;ADAM9;MSRB1;ANG;IRF2;DOCK9;LIPA;IRF7;CTSL;CDA;HPCAL4;CD55;RABIF;XPNPEP1;PSEN1;NOTCH4;HSPA1A;GATA3;CALM3;CTSD;PLA2G4A;LGALS3;PDP1;LGMN;GNAI3;AKAP10;FDX1;CTSS;SH2B3;CASP7;DYRK2;CD46;PSMB9;CFB;TMPRSS6;GNAI2;CASP9;F8;PIK3CA;CASP1;MMP15;MMP12;SRC;CSRP1;CCL5;USP16;MMP13;LTA4H;CTSH;KCNIP3;BRPF3;KLK1;LCP2;C2;CTSO;LAMP2;RBSN;LAP3;LYN;CR2;GCA;SCG3;PHEX;C1QA;DPP4;ANXA5;WAS;PIK3R5;PPP4C;FCER1G;ITGAM;KYNU;KIF2A;PLEK;USP8;GNB2;L3MBTL4;GNB4;USP14;KCNIP2;MMP8;RHOG;CD36;SIRT6;GZMB;VCPIP1;APOC1;COL4A2;CDK5R1;LCK;DOCK10;TFPI2;CDH13;USP15;TIMP1;PRCP;PREP;PRSS36;PRDM4;GNGT2;DGKG;OLR1;F10;RASGRP1;CEBPB;ZEB1;CPQ;SERPINE1;PPP2CB;C1QC;PCLO;SPOCK2;PIK3CG;GNG2;RCE1;LRP1;EHD1;CBLB;GPD2;PRKCD;GRB2;RNF4;S100A9;JAK2;RAF1;ZFPM2;F3;SERPINB2;PFN1;ATOX1;CASP4;DGKH;CXCL1;SERPINC1;CPM;FYN;CP;MMP14;MAFF;TNFAIP3;IL6;C3;SERPING1;PLAT;PDGFB;IRF1;PIM1;TIMP2;FN1,gsea,COMPLEMENT,-0.32770061704655074,-1.5520528751581761,0.002840909090909091,0.04925846549507072,0.33,84/167,45.36%,FN1;CP;FYN;TIMP2;MMP14;DGKH;CPQ;ZFPM2;C3;LRP1;ZEB1;CFH;SERPING1;SERPINC1;TIMP1;OLR1;CTSD;CDH13;CASP4;PDGFB;IL6;RAF1;LAMP2;GPD2;JAK2;S100A9;PCLO;PSEN1;PIK3CA;IRF1;GNB4;CSRP1;XPNPEP1;CTSO;CDK5R1;CD55;DOCK10;CBLB;KCNIP3;DYRK2;SERPINB2;PREP;CPM;LIPA;F8;USP15;KIF2A;VCPIP1;PIM1;USP14;PRCP;HSPA1A;AKAP10;PRDM4;LGMN;BRPF3;COL4A2;RASGRP1;SERPINE1;CD46;TMPRSS6;ANG;C1QA;CR2;RNF4;DGKG;DOCK9;RHOG;LTA4H;SH2B3;CASP1;C1QC;TNFAIP3;PHEX;PPP2CB;LCP2;RCE1;USP16;USP8;PDP1;PLEK;RBSN;CDA;TFPI2
ESTROGEN_RESPONSE_EARLY,gsea,ESTROGEN_RESPONSE_EARLY,0.31235838303865787,1.4952535348472928,0.012903225806451613,0.052832369942196526,0.445,187/187,99.87%,SLC26A2;TFF1;SLC37A1;MUC1;UGCG;PAPSS2;FDFT1;BCL2;FRK;TMEM164;KRT18;FKBP5;DHRS3;PPIF;AREG;XBP1;SLC16A1;CYP26B1;CANT1;TBC1D30;CD44;SLC2A1;PTGES;TPD52L1;MINDY1;LRIG1;MLPH;STC2;TFF3;BLVRB;MYC;DHCR7;ABLIM1;IGFBP4;DYNLT3;ABCA3;DEPTOR;NADSYN1;TJP3;HES1;SLC1A4;FASN;TOB1;FHL2;SNX24;ADCY9;AQP3;NXT1;SYNGR1;ALDH3B1;ABHD2;MED13L;GLA;FLNB;KLF4;ESRP2;ITPK1;PEX11A;SIAH2;PODXL;CLDN7;CHPT1;ELOVL5;KDM4B;KCNK5;NBL1;ANXA9;OLFM1;RAB31;RHOD;REEP1;ELOVL2;TTC39A;KRT13;GREB1;RET;SCARB1;FOXC1;SEC14L2;ADD3;SLC7A5;CCN5;ELF3;IL17RB;CBFA2T3;ISG20L2;WFS1;SLC24A3;SEMA3B;SLC1A1;SLC22A5;ADCY1;CALB2;AKAP1;NPY1R;OVOL2;MED24;THSD4;TSKU;HR;INHBB;ASB13;SH3BP5;UNC119;NRIP1;PDZK1;P2RY2;AFF1;MYBL1;NAV2;AMFR;OPN3;RRP12;SLC27A2;BCL11B;SYBU;FCMR;BHLHE40;RETREG1;GFRA1;MYB;PGR;MREG;OLFML3;PDLIM3;RAB17;LAD1;KRT8;RASGRP1;MAST4;MPPED2;ABAT;EGR3;MYOF;PRSS23;CXCL12;DLC1;RARA;AR;BAG1;CCND1;KLF10;INPP5F;PLAAT3;RPS6KA2;SLC7A2;SLC19A2;CLIC3;HSPB8;SULT2B1;JAK2;SYT12;RAPGEFL1;RHOBTB3;KRT15;CELSR2;B4GALT1;FOS;MYBBP1A;TIPARP;CELSR1;SLC39A6;WWC1;MAPT;TPBG;TGIF2;KAZN;PMAIP1;TIAM1;ENDOD1;GAB2;SFN;RBBP8;IL6ST;ARL3;CISH;FKBP4;KRT19;IGF1R;SCNN1A;FARP1;ELF1;GJA1;NCOR2;SVIL;TGM2;TUBB2B,gsea,ESTROGEN_RESPONSE_EARLY,-0.41149031160960353,-1.9927508720972542,0.0,0.0036433776253750536,0.02,91/186,31.36%,KLF4;CD44;GJA1;ELF1;MED13L;FARP1;IGFBP4;TGM2;IGF1R;RBBP8;NCOR2;FOS;TUBB2B;AFF1;IL6ST;ABLIM1;DLC1;SLC7A2;SVIL;TIPARP;PLAAT3;ADD3;PODXL;NAV2;NRIP1;GAB2;BHLHE40;OLFML3;CISH;HR;ADCY9;SEMA3B;FLNB;CCN5;THSD4;SLC39A6;CELSR2;TPBG;JAK2;ARL3;SLC22A5;PGR;TTC39A;INHBB;MYOF;CELSR1;MAPT;ENDOD1;BCL11B;KLF10;RHOBTB3;SLC24A3;SFN;SYBU;B4GALT1;MYBL1;GREB1;FOXC1;NBL1;CHPT1;MYB;PDZK1;SYT12;GFRA1;AR;TGIF2;INPP5F;CBFA2T3;RPS6KA2;CLIC3;SNX24;AKAP1;OPN3;TSKU;SCNN1A;XBP1;PRSS23;ABHD2;HSPB8;SH3BP5;MED24;ELOVL2;ELOVL5;REEP1;SLC1A4;SEC14L2;SIAH2;PDLIM3;KAZN;MYBBP1A;RASGRP1
PEROXISOME,gsea,PEROXISOME,0.3541513154066593,1.5039029568877385,0.01702127659574468,0.05357142857142857,0.425,40/92,26.90%,IDI1;FDPS;IDH1;ACOX1;DHRS3;PRDX5;SOD1;ALDH9A1;EPHX2;DHCR24;HMGCL;ACSL5;RDH11;HSD17B11;PRDX1;TOP2A;ABCD3;ECH1;MVP;ABCB9;CACNA1B;MLYCD;ACSL4;ALDH1A1;PABPC1;SCP2;PEX11B;ABCC8;PEX13;EHHADH;VPS4B;CRAT;FADS1;NR1I2;SLC35B2;PEX11A;CDK7;CLN6;ELOVL5;ACOT8,gsea,PEROXISOME,0.2613423162110103,1.123288324906471,0.2776735459662289,0.4116498081618417,0.956,92/92,96.29%,PRDX5;PABPC1;IDI1;CADM1;DHCR24;FDPS;SOD1;EPHX2;ECH1;CNBP;ERCC1;PRDX1;ALDH9A1;ACSL5;CEL;VPS4B;SULT2B1;ECI2;ABCB9;RDH11;SLC25A17;NUDT19;ACOT8;CRAT;BCL10;PEX13;PEX2;ABCD3;DHRS3;HRAS;TTR;SCP2;IDH1;FIS1;ITGB1BP1;IDH2;SLC25A19;CDK7;SLC35B2;EHHADH;MLYCD;ESR2;CRABP1;TOP2A;CLN8;ALDH1A1;SCGB1A1;ABCC8;NR1I2;PEX11A;GNPAT;ALB;HSD17B11;PEX6;ABCB4;MSH2;FADS1;PEX5;PEX14;ACOX1;ABCD2;SOD2;DLG4;ERCC3;ACSL1;ABCD1;CLN6;RETSAT;SLC25A4;CACNA1B;GSTK1;ELOVL5;SMARCC1;LONP2;PEX11B;IDE;HMGCL;CTBP1;TSPO;HSD3B7;SLC23A2;HSD17B4;CAT;SEMA3C;MVP;HSD11B2;ACSL4;YWHAH;ABCC5;ISOC1;CRABP2;ATXN1
BILE_ACID_METABOLISM,gsea,BILE_ACID_METABOLISM,0.34843926416842086,1.558441339508684,0.0024875621890547263,0.04195197865718097,0.333,43/95,28.35%,IDI1;NR3C2;PAOX;IDH1;SULT1B1;PRDX5;SLC29A1;SOD1;OPTN;ALDH9A1;EPHX2;DHCR24;ACSL5;RBP1;SLC22A18;HSD17B11;PEX7;ABCD3;BCAR3;ABCA3;SOAT2;APOA1;PHYH;MLYCD;ALDH1A1;SCP2;PFKM;AMACR;NR1H4;PEX13;PEX19;PEX16;NUDT12;FADS1;PNPLA8;NR1I2;PEX26;SLC35B2;PEX11A;PEX12;FADS2;ABCA4;HACL1,gsea,BILE_ACID_METABOLISM,0.27094154584750296,1.13181558838979,0.2579185520361991,0.4321780765450106,0.951,94/94,99.65%,PRDX5;PAOX;NR3C2;IDI1;SLC22A18;DHCR24;SOD1;EPHX2;OPTN;APOA1;BCAR3;NR1H4;ALDH9A1;ACSL5;ABCA5;PEX11G;PEX26;PXMP2;SULT2B1;ABCA3;ABCA4;GC;FDXR;CYP27A1;PEX13;PEX12;ABCD3;CH25H;SOAT2;KLF1;TTR;LCK;SCP2;PIPOX;GCLM;IDH1;PECR;CROT;IDH2;PEX19;SLC35B2;MLYCD;CYP39A1;SULT1B1;ALDH1A1;NUDT12;DIO2;PEX7;PEX1;NR1I2;PEX11A;PEX16;GNPAT;HSD17B11;PEX6;CYP46A1;AMACR;PFKM;FADS2;ABCG4;LIPE;GNMT;ABCA9;FADS1;RBP1;ABCA2;ABCD2;PHYH;EFHC1;ABCA6;ACSL1;ABCD1;CYP7B1;SLC23A1;RETSAT;GSTK1;AQP9;LONP2;HACL1;AR;BMP6;RXRA;HSD3B7;PNPLA8;SLC23A2;SLC29A1;HSD17B4;NPC1;CAT;TFCP2L1;NEDD4;ISOC1;ATXN1;ABCA1
NOTCH_SIGNALING,gsea,NOTCH_SIGNALING,0.44652303689251766,1.5695030660655718,0.030737704918032786,0.04328034682080925,0.319,11/30,13.51%,ST3GAL6;MAML2;PRKCA;FZD5;PPARD;PSENEN;JAG1;SAP30;APH1A;HES1;TCF7L2,gsea,NOTCH_SIGNALING,-0.3429700440475357,-1.2118646180230497,0.19483101391650098,0.22141326311922113,0.838,13/30,24.84%,NOTCH2;FZD1;WNT5A;FBXW11;TCF7L2;CUL1;PSEN2;NOTCH1;DTX4;MAML2;FZD7;LFNG;NOTCH3
PROTEIN_SECRETION,gsea,PROTEIN_SECRETION,0.38163599712764223,1.6115668532491894,0.0073937153419593345,0.03657383079348397,0.258,55/94,25.81%,BNIP3;ATP1A1;CTSC;KRT18;TSPAN8;COPE;SEC22B;YIPF6;SOD1;TPD52;TOM1L1;USO1;ARFGAP3;VAMP4;CAV2;RPS6KA3;GBF1;ARCN1;ICA1;TMX1;SEC24D;TMED2;STX7;SGMS1;COPB2;CLTA;SNAP23;SEC31A;RAB14;CLCN3;PAM;STAM;VPS45;GOSR2;RER1;VPS4B;COPB1;VAMP3;LMAN1;EGFR;ERGIC3;GLA;GOLGA4;TMED10;NAPA;NAPG;ARFGEF2;COG2;ANP32E;ARF1;SNX2;AP2S1;MON2;GALC;ARFIP1,gsea,PROTEIN_SECRETION,-0.28290890280085573,-1.1700392215970612,0.2152777777777778,0.2398987873843729,0.882,41/94,46.58%,DST;KIF1B;ABCA1;ADAM10;SGMS1;SSPN;SEC24D;SEC31A;GNAS;AP2B1;LAMP2;AP1G1;RPS6KA3;ARFGEF1;LMAN1;SCAMP3;AP2M1;DNM1L;M6PR;NAPG;DOP1A;ICA1;MON2;ARFGAP3;AP3B1;SCRN1;IGF2R;BET1;OCRL;ZW10;GBF1;COG2;VPS45;RAB2A;SCAMP1;CLN5;ATP1A1;TMED10;ANP32E;ARCN1;USO1
ESTROGEN_RESPONSE_LATE,gsea,ESTROGEN_RESPONSE_LATE,0.34285570960817746,1.6562533527540066,0.0,0.030520231213872834,0.203,175/175,99.92%,SLC26A2;TFF1;AGR2;ID2;TSPAN13;GALE;PAPSS2;FDFT1;BCL2;FRK;SORD;FKBP5;PPIF;AREG;XBP1;CDC20;SLC16A1;LTF;CYP26B1;CPE;CD44;PTGES;PERP;TPD52L1;SLC29A1;UGDH;DCXR;TFF3;KIF20A;BLVRB;DHCR7;IGFBP4;TOP2A;DYNLT3;DNAJC1;ABCA3;TJP3;SNX10;ISG20;NAB2;SLC1A4;ALDH3A2;PLK4;TOB1;SLC2A8;LAMC2;NXT1;ALDH3B1;ABHD2;LSR;GLA;FLNB;KLF4;MAPK13;ITPK1;SIAH2;CHPT1;ELOVL5;KCNK5;NBL1;ANXA9;CXCL14;OLFM1;PKP3;RAB31;KRT13;RET;SCARB1;FOXC1;ADD3;TRIM29;SLC7A5;HSPA4L;CACNA2D2;CCN5;PTPN6;RNASEH2A;TPSAB1;IL17RB;IMPA2;IGSF1;STIL;TNNC1;PRLR;WFS1;SLC24A3;SEMA3B;RABEP1;SLC22A5;NPY1R;OVOL2;FABP5;PDCD4;XRCC3;HR;GAL;CKB;DNAJC12;MOCS2;TFPI2;NRIP1;TST;PDZK1;SCUBE2;AFF1;CD9;DUSP2;AMFR;OPN3;SLC27A2;ACOX2;BTG3;ETFB;MYB;PGR;PDLIM3;LLGL2;HOMER2;ASS1;COX6C;METTL3;PRKAR2B;CDC6;EGR3;BATF;DLG5;MYOF;PRSS23;CDH1;CXCL12;MDK;BAG1;CCND1;LARGE1;PLAAT3;ST6GALNAC2;ZFP36;RPS6KA2;S100A9;CLIC3;HSPB8;SULT2B1;JAK1;JAK2;SGK1;GINS2;RAPGEFL1;MEST;GJB3;PLXNB1;CELSR2;CAV1;FOS;MAPT;UNC13B;ATP2B4;TPBG;FGFR3;TIAM1;ST14;SFN;RBBP8;IL6ST;ARL3;CISH;IDH2;HMGCS2;FKBP4;PTGER3;KRT19;SCNN1A;FARP1;NCOR2;CHST8;EMP2,gsea,ESTROGEN_RESPONSE_LATE,-0.3150069851926755,-1.52373725848814,0.011363636363636364,0.05510174922948176,0.373,79/174,37.11%,KLF4;CD44;FARP1;IGFBP4;RBBP8;ATP2B4;NCOR2;PDCD4;FOS;AFF1;IL6ST;LARGE1;PLAAT3;ADD3;CHST8;NRIP1;SGK1;RABEP1;SNX10;CISH;HR;SEMA3B;PTGER3;FLNB;CCN5;JAK1;CELSR2;TPBG;UNC13B;JAK2;ARL3;S100A9;SLC22A5;PGR;MOCS2;MYOF;MAPT;SLC24A3;SFN;SLC29A1;FGFR3;MDK;EMP2;FOXC1;NBL1;CHPT1;MYB;PDZK1;ZFP36;TPSAB1;BTG3;RPS6KA2;CLIC3;ST14;PLXNB1;OPN3;SCNN1A;XBP1;PRSS23;CD9;ABHD2;HSPB8;DNAJC1;MEST;DLG5;ELOVL5;SLC1A4;HMGCS2;PRKAR2B;SIAH2;PDLIM3;STIL;NPY1R;CXCL12;FKBP5;GINS2;METTL3;WFS1;TIAM1
ANDROGEN_RESPONSE,gsea,ANDROGEN_RESPONSE,0.39664907391925486,1.677378195927448,0.011560693641618497,0.02928709055876686,0.183,45/93,25.22%,SLC26A2;ALDH1A3;HMGCS1;SELENOP;IDI1;HMGCR;INSIG1;GSR;SORD;SAT1;SPDEF;ABCC4;FKBP5;IQGAP2;NCOA4;CCND3;DHCR24;TPD52;PLPP1;NGLY1;TMPRSS2;RPS6KA3;SEC24D;SRP19;PDLIM5;RAB4A;INPP4B;PGM3;GPD1L;STK39;VAPA;SPCS3;UAP1;GNAI3;UBE2J1;LMAN1;ABHD2;FADS1;ELK4;ADRM1;MAF;HSD17B14;DBI;TMEM50A;ELOVL5,gsea,ANDROGEN_RESPONSE,0.34364097751112976,1.4800799821366517,0.034722222222222224,0.08569933728636205,0.459,93/93,99.50%,KRT8;ALDH1A3;INSIG1;TPD52;NCOA4;SLC26A2;KRT19;CCND1;IDI1;SORD;HMGCS1;TMPRSS2;UBE2I;VAPA;SELENOP;HMGCR;DHCR24;SAT1;ACSL3;UBE2J1;NDRG1;RAB4A;ABCC4;HOMER2;SMS;MYL12A;ADRM1;IQGAP2;GSR;AKAP12;DNAJB9;DBI;GNAI3;CDK6;MERTK;NGLY1;LIFR;SPDEF;INPP4B;HSD17B14;SRF;HPGD;SRP19;CENPN;PA2G4;XRCC6;MAK;CCND3;PGM3;TMEM50A;PDLIM5;RRP12;FADS1;GPD1L;HERC3;FKBP5;PTK2B;MAP7;ELOVL5;GUCY1A1;ABHD2;STK39;APPBP2;SPCS3;TNFAIP8;AKT1;XRCC5;PTPN21;CDC14B;TSC22D1;PIAS1;B4GALT1;B2M;LMAN1;ACTN1;MAF;RPS6KA3;PLPP1;ELK4;BMPR1B;STEAP4;CAMKK2;ZBTB10;ELL2;SGK1;SLC38A2;SEC24D;ITGAV;ZMIZ1;ARID5B;ADAMTS1;UAP1;PMEPA1
ADIPOGENESIS,gsea,ADIPOGENESIS,0.3608968428361315,1.6942231400729213,0.0018796992481203006,0.03013005780346821,0.173,73/193,27.21%,ALDOA;CIDEA;POR;PPARG;SQOR;ECHS1;STOM;DRAM2;IDH1;UCP2;ACOX1;PGM1;ALDH2;CMPK1;ADIPOR2;CMBL;REEP5;PFKL;PREB;ELOVL6;RREB1;ME1;SOD1;YWHAG;ADCY6;EPHX2;DHRS7;TKT;PIM3;COX6A1;ESRRA;DHCR7;SOWAHC;COX8A;ACADL;CPT2;LPCAT3;ECH1;SLC1A5;BAZ2A;GHITM;COQ5;ACADM;CDKN2C;FAH;PHYH;SCP2;COQ9;TOB1;SLC25A1;JAGN1;REEP6;PLIN2;PPP1R15B;GPAT4;ATP1B3;ACADS;CRAT;ACAA2;RETN;COQ3;ELMOD3;MGST3;IDH3G;ANGPTL4;DDT;DBT;ACLY;APLP2;SAMM50;QDPR;ESYT1;G3BP2,gsea,ADIPOGENESIS,0.2974857087936434,1.3965184954871344,0.05399568034557235,0.12877572375305196,0.612,193/193,99.65%,ALDOA;ECHS1;CIDEA;PFKL;PGM1;COX8A;STOM;CCNG2;PLIN2;ADIPOR2;YWHAG;ME1;PFKFB3;SQOR;SOD1;PPARG;ESRRA;COX7B;EPHX2;GHITM;PIM3;POR;ACADS;GPX4;ECH1;GADD45A;ALDH2;RREB1;IDH3G;DDT;CMBL;SOWAHC;TKT;NDUFS3;CPT2;BCL6;DRAM2;ELOVL6;COX6A1;CMPK1;ANGPTL4;SLC25A1;CHCHD10;DNAJB9;RETN;UCP2;NDUFAB1;UQCRC1;PPP1R15B;PREB;REEP6;MAP4K3;PTCD3;SCARB1;VEGFB;GRPEL1;AK2;ELMOD3;UQCRQ;COQ9;MDH2;SDHC;SUCLG1;MRAP;HADH;LIFR;CRAT;OMD;SLC5A6;CHUK;DBT;MRPL15;COQ3;MTCH2;CYP4B1;ETFB;TALDO1;FZD4;GPAM;MCCC1;RNF11;IFNGR1;DLD;LPCAT3;ACADM;ITIH5;ACO2;SCP2;ACADL;FAH;PEMT;SLC25A10;IDH1;REEP5;SLC19A1;PRDX3;DHCR7;BCKDHA;CD36;JAGN1;NDUFA5;SLC1A5;UCK1;QDPR;COQ5;ACLY;TST;BAZ2A;IMMT;ARAF;UBQLN1;UQCR10;AIFM1;GPAT4;DNAJC15;NDUFB7;CAVIN2;MYLK;SAMM50;TOB1;DGAT1;LIPE;ACAA2;IDH3A;ADCY6;APLP2;SULT1A1;PEX14;G3BP2;MGST3;ACOX1;CD151;AGPAT3;PHYH;SNCG;DHRS7;HIBCH;LTC4S;NABP1;RETSAT;NKIRAS1;MIGA2;DHRS7B;FABP4;HSPB8;ABCB8;SLC27A1;PPM1B;CS;RMDN3;CDKN2C;CYC1;SDHB;DECR1;MGLL;BCL2L13;COL15A1;RAB34;LPL;ITSN1;TANK;NMT1;UQCR11;ARL4A;GBE1;DLAT;SORBS1;ESYT1;ATL2;GPHN;GPX3;CAT;RIOK3;CD302;PHLDB1;GPD2;UBC;LAMA4;ITGA7;ANGPT1;PTGER3;ATP1B3;RTN3;COL4A1;CAVIN1;STAT5A;ENPP2;SPARCL1;APOE;C3;PDCD4;SSPN;ABCA1
FATTY_ACID_METABOLISM,gsea,FATTY_ACID_METABOLISM,0.4125265324026169,1.8402374127924093,0.0,0.011023947151114783,0.065,60/137,25.38%,HMGCS1;LDHA;IDI1;ACSM3;ALDOA;CIDEA;ECHS1;IDH1;ACOX1;ADIPOR2;NSDHL;ACSS1;ACAT2;OSTC;ME1;ALDH9A1;CPT1A;PDHA1;DHCR24;HMGCL;GRHPR;ACSL5;UGDH;HSD17B7;RDH11;HSD17B10;ACADL;HSD17B11;MIF;CPT2;PCBD1;ECH1;SUCLG2;PDHB;ACADM;MLYCD;ACSL4;ALDH1A1;CPOX;ALDH3A2;FASN;PRDX6;REEP6;EHHADH;CBR1;ACADS;CRAT;ACAA2;AUH;ACADVL;IDH3G;FABP2;DLST;GPD1;UROD;CBR3;NCAPH2;IDH3B;ELOVL5;SDHA,gsea,FATTY_ACID_METABOLISM,0.3377359881096122,1.4950345852060976,0.03639846743295019,0.08852459016393444,0.427,69/137,36.93%,ALDOA;MIF;LDHA;ECHS1;CIDEA;IDI1;ADIPOR2;HMGCS1;PCBD1;ME1;ACSM3;DHCR24;XIST;ACAT2;GRHPR;HSD17B10;ACADS;ECH1;ODC1;KMT5A;IDH3G;GPD1;PRDX6;CPT2;ALDH9A1;SMS;ACSL5;SDHA;ALAD;IDH3B;NSDHL;CEL;ALDH3A2;ADH7;SDHD;CRYZ;REEP6;APEX1;S100A10;G0S2;MDH2;ECI2;ACSS1;SDHC;SUCLG1;RDH11;PDHB;HADH;GLUL;ACOT8;NTHL1;CBR1;CRAT;VNN1;NCAPH2;HSD17B7;MDH1;ENO2;SUCLG2;DLD;ACADM;HPGD;OSTC;ACO2;ACADL;CPT1A;UROD;IDH1;ALDH3A1
KRAS_SIGNALING_UP,gsea,KRAS_SIGNALING_UP,0.3792057005934272,1.855163534039822,0.0,0.011271676300578036,0.061,70/184,28.76%,ALDH1A3;DUSP6;PRKG2;TSPAN1;BTC;CIDEA;ID2;IRF8;CFH;TSPAN13;CFHR2;FUCA1;ANXA10;GALNT3;ETV5;PTPRR;ADAMDEC1;ETV4;PLAUR;EREG;PIGR;KCNN4;KIF5C;EMP1;CPE;SPRY2;LY96;GPRC5B;CCND2;TRIB2;ACE;CAB39L;TOR1AIP2;PLEK2;ETV1;HKDC1;AMMECR1;BTBD3;MAP3K1;RABGAP1L;ITGA2;TNNT2;IL33;MMD;TMEM176A;F2RL1;STRN;SNAP25;TSPAN7;EPHB2;NR1H4;SOX9;MYCN;MMP10;RETN;DNMBP;ANGPTL4;CTSS;TMEM158;KLF4;PTCD2;MTMR10;SDCCAG8;EPB41L3;SCN1B;TNFRSF1B;CFB;GLRX;MALL;ADGRL4,gsea,KRAS_SIGNALING_UP,-0.309440581146657,-1.5005839975056066,0.005797101449275362,0.057280232579809534,0.403,82/184,42.23%,KLF4;HDAC9;RABGAP1L;GFPT2;NRP1;IGF2;ADAM17;PTBP2;CFH;VWA5A;CCSER2;DCBLD2;PRRX1;ST6GAL1;ETV1;SLPI;KIF5C;WNT7A;SPARCL1;BMP2;TMEM176B;SCN1B;SPON1;ANO1;BIRC3;SEMA3B;INHBA;EVI5;SOX9;JUP;SATB1;ATG10;PECAM1;MMP11;ALDH1A2;GNG11;IL2RG;APOD;PLVAP;TRIB1;ETS1;EPB41L3;ARG1;CXCL10;ADGRA2;BPGM;ENG;NIN;AKT2;SDCCAG8;ADGRL4;PTGS2;MAFB;PPP1R15A;TFPI;RELN;PEG3;CSF2RA;GUCY1A1;SPP1;F13A1;MAP7;STRN;HSD11B1;TMEM176A;CBL;PRELID3B;TRAF1;GYPC;TMEM100;FBXO4;GPRC5B;IL1RL2;IKZF1;TNFRSF1B;CDADC1;FLT4;TRIB2;MALL;TPH1;TNFAIP3;GPNMB
XENOBIOTIC_METABOLISM,gsea,XENOBIOTIC_METABOLISM,0.43340612870022227,2.0730026763837937,0.0,0.0019075144508670522,0.011,60/160,25.22%,HGFAC;GCLC;ID2;IRF8;POR;PAPSS2;GSR;SPINT2;RAP1GAP;SLC35D1;IDH1;GSTT2;UPP1;ACOX1;TMEM97;ALDH2;CYP2S1;DDC;ABHD6;HNF4A;GCH1;PPARD;PTGES;PGD;ALDH9A1;PMM1;SSR3;TMBIM6;EPHA2;DHRS7;GSS;UGDH;DCXR;BLVRB;NDRG2;SMOX;GSTO1;IGFBP4;CDA;ABCC3;ATP2A2;ECH1;TNFRSF1A;AOX1;SLC1A5;PDLIM5;PTGR1;FETUB;FAH;HSD17B2;AHCY;CBR1;ACP1;DDT;ENTPD5;CCL25;PYCR1;GSTM4;ATOH8;ELOVL5,gsea,XENOBIOTIC_METABOLISM,0.2635762109012958,1.161955722152649,0.20725388601036268,0.4141820718521102,0.937,160/160,99.06%,SPINT2;ID2;CYP2S1;EPHA2;SMOX;HGFAC;LPIN2;SSR3;ACP1;IRF8;HMOX1;DCXR;GSTO1;RBP4;SAR1B;POR;ABCC3;ECH1;SLC35D1;PPARD;ALDH2;HNF4A;GCH1;DDT;GSS;TMBIM6;UPP1;RAP1GAP;PTGES;ALDH9A1;PMM1;DDC;ENPEP;GSR;CASP6;TMEM97;PGRMC1;LONP1;ABHD6;CFB;ADH7;MTHFD1;F10;HSD17B2;GSTT2;NFS1;HES6;GART;SERTAD1;CBR1;VNN1;CYFIP2;CYP27A1;NDRG2;UPB1;AOX1;GSTA3;CYB5A;KYNU;GSTM4;ARG2;SLC46A3;ARPP19;ACO2;COMT;FAH;PEMT;IDH1;ALDH3A1;CYP26A1;CROT;NQO1;CD36;SHMT2;SLC1A5;AHCY;UGDH;TKFC;DHPS;LCAT;ETS2;CNDP2;PDLIM5;TTPA;BCAR1;NINJ1;ENTPD5;ACOX2;ASL;ITIH4;CDA;TNFRSF1A;GABARAPL1;PAPSS2;GNMT;FETUB;AP4B1;ACOX1;ABCD2;MCCC2;ADH5;CCL25;BLVRB;ALAS1;PTGR1;DHRS7;PTGES3;PGD;ANGPTL3;DHRS1;SERPINE1;RETSAT;PDK4;PYCR1;HSD11B1;VTN;PSMB10;GCLC;AQP9;ATOH8;ELOVL5;CDO1;BPHL;HACL1;CSAD;ACP2;PINK1;XDH;SLC35B1;PTGDS;ETFDH;MPP2;ARG1;PTS;FMO1;NMT1;ACOX3;MAOA;TPST1;CRP;NPC1;GCNT2;CAT;FBLN1;ATP2A2;BCAT1;JUP;IL1R1;SLC12A4;EPHX1;SLC6A6;ESR1;PROS1;FAS;TMEM176B;APOE;IGF1;TGFB2;DDAH2;IGFBP4
upOnKras,gsea,upOnKras,0.47119928245851667,2.0734983732224457,0.0,0.002384393063583815,0.011,26/88,12.99%,TNS4;SPRED2;DUSP6;HMGA2;TOX;SPRY4;GALNT3;ETV5;ETV4;EREG;EMP1;NAV3;MZT1;KIF2C;CPNE8;ETV1;TMED2;TMEM131;ANKRD22;ANAPC16;NUF2;ITGA2;RAB1A;DENND6A;VEGFC;CDC25A,gsea,upOnKras,-0.28307880568546884,-1.2539658060004704,0.1367713004484305,0.18762045371561017,0.782,39/88,36.19%,KRAS;CPNE8;NAV3;NT5E;ACTA2;WEE1;ETV1;EFR3A;BIRC3;ITGB8;TGFBR2;RMND5A;PTX3;MCTP1;JAZF1;RAP1B;MYBL1;DENND6A;FEZ2;VEGFC;CEP128;BATF3;SERPINB8;RGS2;WT1;MND1;E2F7;ERGIC2;STARD3NL;OTUD6B;ADCK1;ITGB3BP;PIP4K2A;GPR3;MTMR9;UBE2K;MSL3;WDR12;REXO5
MTORC1_SIGNALING,gsea,MTORC1_SIGNALING,0.49934038060347485,2.1473372619160473,0.0,0.0017341040462427746,0.006,81/188,15.67%,PGK1;HMGCS1;LDHA;IDI1;GAPDH;VLDLR;STARD4;HMGCR;TPI1;ALDOA;LDLR;INSIG1;GCLC;SQLE;SC5D;GSR;SORD;EGLN3;CTSC;P4HA1;IDH1;HSPA5;PGM1;CYB5B;TMEM97;DDIT4;ADIPOR2;STC1;XBP1;DDIT3;ENO1;HSP90B1;TFRC;PLK1;SLC2A1;PFKL;SLC7A11;EBP;SRD5A1;ELOVL6;ME1;BTG2;PDK1;IFI30;DHCR24;BUB1;PSAT1;RRM2;USO1;SSR1;RDH11;DHCR7;ARPC5L;AURKA;PRDX1;AK4;CALR;GOT1;ATP2A2;ACTR2;TUBA4A;SLC1A5;EDEM1;RIT1;SERP1;POLR3G;TM7SF2;RAB1A;SLC37A4;TBK1;CCNF;CDC25A;SLC1A4;SDF2L1;FKBP2;EEF1E1;RPN1;GTF2H1;MTHFD2;MLLT11;LGMN,gsea,MTORC1_SIGNALING,0.5083003380187866,2.271654556706257,0.0,0.0006278339727938611,0.001,77/188,16.57%,PGK1;ALDOA;GAPDH;TPI1;SLC2A1;DDIT4;LDHA;INSIG1;EGLN3;P4HA1;SRD5A1;PFKL;STC1;PGM1;TFRC;AK4;SC5D;DDIT3;STARD4;IDI1;ADIPOR2;SORD;HMGCS1;ENO1;PHGDH;PDK1;PLK1;CDKN1A;SERP1;ME1;HMGCR;DHCR24;TUBA4A;BUB1;ARPC5L;LDLR;EIF2S2;HSPE1;CYB5B;ACSL3;HSPA5;ACTR2;ACTR3;VLDLR;CDC25A;HSPA9;HSPA4;PPIA;COPS5;EBP;POLR3G;BTG2;ATP6V1D;HSPD1;UBE2D3;MCM4;PSAT1;DHFR;GOT1;IFI30;SDF2L1;PRDX1;NAMPT;SQLE;ELOVL6;HSP90B1;GTF2H1;GSR;TMEM97;CTSC;SLC37A4;NUFIP1;PSMC6;TM7SF2;PITPNB;GLRX;EEF1E1
GLYCOLYSIS,gsea,GLYCOLYSIS,0.4808315390958055,2.2954592546798844,0.0,0.0,0.0,71/183,16.88%,PKM;GFPT1;PGK1;LDHA;FUT8;VLDLR;TPI1;ALDOA;GCLC;SLC35A3;GALE;CENPA;EGLN3;P4HA1;IDH1;B3GNT3;HSPA5;PFKP;DDIT4;STC1;ENO1;NSDHL;QSOX1;PGAM1;HMMR;CD44;SLC16A3;PMM2;GNE;ME1;SOD1;ALDH9A1;KDELR3;GAL3ST1;CDK1;B4GALT4;FAM162A;CAPN5;VEGFA;GMPPB;ANG;STC2;TFF3;KIF20A;ARTN;AK3;NDUFV3;MIF;AURKA;AK4;GOT1;CHPF2;CHST2;PGM2;SAP30;HDLBP;COPB2;ISG20;NANP;SLC37A4;MPI;P4HA2;PAM;AKR1A1;FBP2;ABCB6;CITED2;SOX9;BPNT1;GMPPA;CHST4,gsea,GLYCOLYSIS,0.3906687478531394,1.8377211054510025,0.002036659877800407,0.009794209975584233,0.059,74/183,28.36%,PGK1;PKM;ALDOA;TPI1;VEGFA;MIF;PGAM1;DDIT4;LDHA;EGLN3;FAM162A;P4HA1;CITED2;STC1;GFPT1;CLDN3;AK4;IGFBP3;ENO1;ME1;B3GNT3;SOD1;ISG20;CENPA;SAP30;QSOX1;MXI1;ELF3;HSPA5;GNPDA1;VLDLR;PGLS;AKR1A1;GALE;FBP2;KIF20A;HMMR;PPIA;CDK1;CAPN5;NDUFV3;TGFA;GOT1;B4GALT7;EGFR;IER3;ALDH9A1;PFKP;PAM;POLR3K;ANGPTL4;SLC16A3;GYS1;CASP6;NSDHL;SLC37A4;DSC2;GLRX;STC2;RRAGD;MPI;AURKA;LHX9;CLDN9;MDH2;ECD;AGL;SDHC;PKP2;GAL3ST1;MERTK;CHST4;BPNT1;PGM2
CHOLESTEROL_HOMEOSTASIS,gsea,CHOLESTEROL_HOMEOSTASIS,0.6349783751945749,2.308708144869318,0.0,0.0,0.0,37/68,11.16%,HMGCS1;IDI1;FDPS;STARD4;HMGCR;LDLR;SQLE;ETHE1;SC5D;PPARG;ANXA13;FDFT1;ERRFI1;PCYT2;PLAUR;ALDOC;MVD;TMEM97;LSS;NSDHL;CLU;PMVK;PLSCR1;SREBF2;ACAT2;EBP;MVK;GLDC;HSD17B7;ACSS2;DHCR7;JAG1;ECH1;MAL2;ANTXR2;ALCAM;TM7SF2,gsea,CHOLESTEROL_HOMEOSTASIS,0.5671507901705907,2.173867187270019,0.0,0.0006278339727938611,0.002,35/67,15.08%,ANXA13;ERRFI1;PLAUR;SC5D;STARD4;IDI1;PLSCR1;HMGCS1;CLU;ANTXR2;CTNNB1;ALDOC;HMGCR;LGALS3;MVD;ACTG1;FDPS;LDLR;PPARG;ACAT2;ECH1;PCYT2;TNFRSF12A;PMVK;FDFT1;EBP;S100A11;LSS;CHKA;SQLE;JAG1;PNRC1;NSDHL;TMEM97;TM7SF2
